specimen_id,leaf_id,detection_id,stem,name,truncated,chord_AR,chord_RMSE_A,chord_SI_A,chord_A_star,chord_DSI_A,chord_WSI_A,chord_WDSI_A,chord_MAE_w,chord_RMSE_w,chord_NRMSE_w,chord_r_w,chord_aA_mean_abs,chord_aA_rms,chord_aA_max_abs,chord_aA_s_at_max,chord_aA_median_abs,chord_aA_q90_abs,chord_aA_frac_gt_10pct,chord_aA_SI_apex,chord_aA_SI_mid,chord_aA_SI_base,chord_aw_mean_abs,chord_aw_rms,chord_aw_max_abs,chord_aw_s_at_max,chord_aw_median_abs,chord_aw_q90_abs,chord_aw_frac_gt_10pct,chord_aw_SI_apex,chord_aw_SI_mid,chord_aw_SI_base,chord_C_final,chord_C_max,chord_I_C,chord_M_D,chord_V_D,chord_M_d,chord_V_d,chord_sinuosity,chord_max_chord_deviation,chord_integrated_curvature,chord_lamina_area_px,chord_axis_length_px,chord_n_bins,chord_n_bins_used,chord_n_bins_dropped,chord_n_width_bins_used,chord_n_width_bins_dropped,chord_iou,chord_dice,chord_sd,chord_mad_boundary,chord_d_max,chord_s_at_d_max,chord_hausdorff,chord_hausdorff_norm,chord_sbar_l,chord_ubar_l,chord_sbar_r,chord_ubar_r,chord_d_s,chord_d_u,chord_d_c,chord_d_c_norm,chord_cov_dissimilarity,chord_s_l_max,chord_s_r_max,chord_d_s_max,chord_d_w_max,chord_d_w_max_rel,chord_rmse_kappa,chord_n_lobes_l,chord_n_lobes_r,chord_lobe_count_diff,chord_n_unmatched_lobes,chord_mean_lobe_shift,mid_AR,mid_RMSE_A,mid_SI_A,mid_A_star,mid_DSI_A,mid_WSI_A,mid_WDSI_A,mid_MAE_w,mid_RMSE_w,mid_NRMSE_w,mid_r_w,mid_aA_mean_abs,mid_aA_rms,mid_aA_max_abs,mid_aA_s_at_max,mid_aA_median_abs,mid_aA_q90_abs,mid_aA_frac_gt_10pct,mid_aA_SI_apex,mid_aA_SI_mid,mid_aA_SI_base,mid_aw_mean_abs,mid_aw_rms,mid_aw_max_abs,mid_aw_s_at_max,mid_aw_median_abs,mid_aw_q90_abs,mid_aw_frac_gt_10pct,mid_aw_SI_apex,mid_aw_SI_mid,mid_aw_SI_base,mid_C_final,mid_C_max,mid_I_C,mid_M_D,mid_V_D,mid_M_d,mid_V_d,mid_sinuosity,mid_max_chord_deviation,mid_integrated_curvature,mid_lamina_area_px,mid_axis_length_px,mid_n_bins,mid_n_bins_used,mid_n_bins_dropped,mid_n_width_bins_used,mid_n_width_bins_dropped,mid_iou,mid_dice,mid_sd,mid_mad_boundary,mid_d_max,mid_s_at_d_max,mid_hausdorff,mid_hausdorff_norm,mid_sbar_l,mid_ubar_l,mid_sbar_r,mid_ubar_r,mid_d_s,mid_d_u,mid_d_c,mid_d_c_norm,mid_cov_dissimilarity,mid_s_l_max,mid_s_r_max,mid_d_s_max,mid_d_w_max,mid_d_w_max_rel,mid_rmse_kappa,mid_n_lobes_l,mid_n_lobes_r,mid_lobe_count_diff,mid_n_unmatched_lobes,mid_mean_lobe_shift,n_components,largest_frac,solidity,border_contact_frac,flush_edge_frac,perimeter_ratio,boundary_roughness,hole_frac,kpt_conf_mean,kpt_conf_min,n_midvein_kpts,area_px,aspect,axis_aspect,archetype_score,gates_pass,is_archetypal,term_symmetry,term_integrity,term_completeness,term_trace,d_SI_A,d_WSI_A,d_A_star,d_dice,d_iou,d_NRMSE_w,d_C_max,d_r_w
1,1,8,A_1989713254_Fagaceae_Quercus_mccormickii,A_1989713254_Fagaceae_Quercus_mccormickii#1,False,0.594607305220254,143.5968314413657,0.2982103547992001,-0.2542272906016516,-0.2817018463976015,0.26335911215974134,-0.2542272906016516,49.81913618581715,57.26640666090626,0.3631135612728158,0.7601703439941061,0.2982103547992001,0.36271092992284365,0.7442622950819672,0.8674999999999999,0.22764227642276422,0.6555023923444976,0.837696335078534,0.1100830982759494,0.23587987195951304,0.5417974566013508,0.30444891353927606,0.3631135612728158,0.74478599778759,0.8674999999999999,0.24119646008724688,0.6532738183921678,0.8814432989690721,0.12324931336933977,0.24855923843685904,0.5368226576541298,-0.2542272906016516,0.2545768340105737,0.09643329182505353,120.55,6118.339195979899,0.2982103547992001,0.04285417036011353,1.0,7.0915224116957165e-15,2.842170943040401e-14,91548.0,508.01609558718246,200,191,9,194,6,0.5864658035327526,0.7393362053273467,0.2606637946726534,49.81913618581715,105.22338577654659,0.7675000000000001,87.82683870924271,0.17288200014160857,210.89518094669577,44.49638632196778,253.82195644477477,65.69271394695544,-42.926775498078996,-21.196327624987653,47.874757017120096,0.09423866179236862,0.15042445240929217,0.41250000000000003,0.4425,-0.02999999999999997,-55.22338577654661,-0.18225539860246404,0.0648354830246906,4,4,0,0,0.07125000000000004,0.8469546270704299,73.78163728191453,0.15226999661046275,-0.08286363437759427,-0.08177059640814237,0.13151570760693843,-0.08286363437759427,20.701481273769662,24.097301569938846,0.15690641884757156,0.8927040897391131,0.15226999661046275,0.18788715660557387,0.6039603960396039,0.9975,0.13559322033898305,0.3116279069767442,0.6492146596858639,0.11057182261737983,0.10453915795316511,0.24123599606295823,0.1326036879465584,0.15690641884757156,0.32090841707459233,0.0775,0.10941923574725881,0.26491861618917995,0.5647668393782384,0.11276914557845226,0.09023338730448312,0.19582268812730297,-0.08286363437759427,0.08522305238781841,0.030098090619128763,60.2,1828.8341708542714,0.15226999661046275,0.012179197179838008,1.0078765762996589,26.102185376214063,0.5498916504093705,91548.0,512.1680937480871,200,191,9,193,7,0.802798856804967,0.8906138960258022,0.10938610397419778,20.701481273769662,46.576888382079936,0.7725,37.70498147504787,0.07361837243534598,224.74154738784375,50.350637199111794,250.20268342279033,57.30296631044117,-25.461136034946577,-6.952329111329377,26.393262933223944,0.0515324231544295,0.05071372114076715,0.3925,0.4675,-0.07500000000000001,-17.110725644476048,-0.056933167401931474,0.06721194871430106,3,4,1,1,0.041666666666666685,1,1.0,0.8686214483880226,0.018,0.03289473684210526,1.6757147446037581,1.2160684993626305,0.0,0.9804316478617051,0.9257065057754517,17,91548,1.6875,1.612359613660057,0.8226719312754647,True,True,0.6604754732604711,1.0,1.0,1.0,0.14594035818873735,0.1318434045528029,-0.17136365622405736,-0.15127769069845554,-0.21633305327221442,0.20620714242524424,0.16935378162275527,-0.13253374574500698
1,2,10,A_1989713254_Fagaceae_Quercus_mccormickii,A_1989713254_Fagaceae_Quercus_mccormickii#2,False,0.7612103454942963,253.32478165390768,0.20100802109235727,-0.1355827003382073,-0.17762168684312807,0.15423688021719578,-0.1355827003382073,50.05436006344771,57.02186170006809,0.25711892093175687,0.9016579668952858,0.20100802109235727,0.27696644378450214,0.7808219178082192,0.9125000000000001,0.14556019270800413,0.3888012982570914,0.6958762886597938,0.08069839285866634,0.14338436874486304,0.3673072506026522,0.1900022487232439,0.25711892093175687,0.7937173391857105,0.9125000000000001,0.14322324267061515,0.33808306308540936,0.7040816326530612,0.08183925352617452,0.1431053872363197,0.3379046600001449,-0.1355827003382073,0.1355827003382073,0.047687892939025575,182.645,30969.09444723618,0.20100802109235727,0.03649430139481161,1.0,1.4183044823391433e-14,1.2789769243681803e-13,236837.0,681.6628579509643,200,194,6,196,4,0.7399918091532712,0.850569301832946,0.14943069816705404,50.05436006344771,120.22827786589957,0.4225,100.28621186514978,0.1471199592223696,300.1943034429569,92.10387441171578,335.9232231932178,112.37169057862104,-35.7289197502609,-20.267816166905263,41.077245266644276,0.060260354202251676,0.12009829284033595,0.4475,0.4425,0.0050000000000000044,-77.22827786589957,-0.13361293748425532,0.06247798143081045,3,2,1,1,0.030000000000000027,0.8913671937390193,227.51992220462805,0.1675056689249152,-0.05743612695651439,-0.07792797152967161,0.1231015424110253,-0.05743612695651439,34.9893896008488,42.461517607224444,0.22435717260593357,0.8605368419876521,0.1675056689249152,0.24108515131346567,0.7097791798107256,0.9525000000000001,0.11207307942306585,0.34781499309644415,0.5515463917525774,0.14356461509649562,0.09366192596038708,0.26204434533077275,0.15062807867661657,0.22435717260593357,0.7004825130599589,0.9525000000000001,0.0902639218667867,0.35649119823178066,0.4642857142857143,0.17094704318600404,0.056081909211616786,0.22465721928256555,-0.05743612695651439,0.05743612695651439,0.02015085269615812,145.775,30668.305904522607,0.1675056689249152,0.030219672569945833,1.0021510977282975,19.28419190273945,0.22308038070206915,236837.0,683.942556937905,200,194,6,196,4,0.8094356613968381,0.8946829983133796,0.1053170016866204,34.9893896008488,118.09116393325509,0.1225,64.4562255677953,0.09424216246518385,301.52371646523227,100.12907791099944,338.93211190638186,104.0722119521928,-37.408395441149594,-3.9431340411933604,37.61563977321454,0.054998244211654834,0.04197240070015916,0.4525,0.4475,0.0050000000000000044,-36.049316527944825,-0.06237049507549129,0.05457267555570779,3,2,1,1,0.01750000000000007,2,0.9999746661205808,0.8756097379752056,0.0035026269702276708,0.0038860103626943004,1.6354502367432622,1.253594963541368,0.0,0.9907422241042642,0.9783942699432373,17,236837,1.3333333333333333,1.1138476250257332,0.77968075207098,True,True,0.6412565748425848,0.8735066878985811,1.0,1.0,0.03350235216744207,0.031135337806170477,-0.0781465733816929,-0.04411369648043362,-0.06944385224356686,0.03276174832582329,0.0781465733816929,0.041121124907633644
1,4,11,A_1989713254_Fagaceae_Quercus_mccormickii,A_1989713254_Fagaceae_Quercus_mccormickii#4,False,0.4547326318276558,452.0954545226041,0.3466215172563349,-0.37482308174203577,-0.3466215172563349,0.37482308174203577,-0.37482308174203577,92.18000874644524,105.5581213715682,0.3430411440609805,0.8231682939150997,0.3466215172563349,0.37835829887296607,0.677376171352075,0.9975,0.3564493758668516,0.559745200899291,0.9597989949748744,0.5024111073744579,0.3196402643981341,0.2154527316612894,0.3182892574188248,0.3430411440609805,0.6372117066624085,0.9975,0.3370812975707004,0.4944133974221964,0.965,0.38195843703577675,0.32834134970990736,0.24471801673901525,-0.37482308174203577,0.37482308174203577,0.23465651755261147,323.09,100505.68030150753,0.3466215172563349,0.023124730778238678,1.0,0.0,0.0,172396.0,643.6781305921681,200,199,1,200,0,0.46717282328320436,0.6368340741723612,0.36316592582763885,92.18000874644524,172.13500874644524,0.3075,146.41658104061182,0.22746862769116008,299.313568906359,54.34004633285841,267.3169843092759,103.13174952329814,31.996584597083142,-48.79170319043973,58.34733692382425,0.09064675984897316,0.14633194587316198,0.3625,0.5725,-0.21000000000000002,-112.13500874644524,-0.25086131710614146,0.04474530314239068,2,1,1,1,0.030000000000000027,0.5227445368947303,362.8689846211715,0.2893552386022462,-0.3134179447318963,-0.28343391024729636,0.3161906308731061,-0.3134179447318963,71.94540762838223,84.3780917568647,0.2762265395942333,0.8493628786413299,0.2893552386022462,0.33415381290690116,0.7977044476327116,0.9975,0.291447996502467,0.5082495543672014,0.835,0.4614068987873954,0.2681055908570654,0.13823606724070808,0.2453715347916701,0.2762265395942333,0.7140612042822104,0.9975,0.25595476327647215,0.3798726065478194,0.83,0.3282860816436112,0.2553943565471519,0.15258376053880665,-0.3134179447318963,0.3134179447318963,0.20176248288823406,272.55,57678.79145728643,0.2893552386022462,0.02807267997352507,1.0013530075085895,14.503270360221173,0.17950594645496554,172396.0,644.5470253154883,200,200,0,200,0,0.5524530917372147,0.7117163084380381,0.2882836915619619,71.94540762838223,147.4931786167894,0.3025,119.87651849371413,0.18598568263508442,300.87387286409506,58.926119906123425,266.84737462067955,98.47676367310238,34.02649824341552,-39.55064376697896,52.173326567237694,0.08094572547550004,0.11683204615632414,0.3725,0.5725,-0.2,-86.7669039259232,-0.19446857769413822,0.04725814318404824,2,2,0,0,0.165,1,1.0,0.7984969249979578,0.008157211716722283,0.015625,2.133403332252031,1.3084482145082523,0.0,0.928773441735436,0.38654887676239014,17,172396,1.6316964285714286,1.2094146244508757,0.30547278475293593,True,False,0.09068494056597835,1.0,1.0,0.7268037772646139,0.057266278654088676,0.05863245086892965,-0.06140513701013944,-0.07488223426567697,-0.08528026845401032,0.0668146044667472,0.06140513701013944,-0.026194584726230152
1,5,12,A_1989713254_Fagaceae_Quercus_mccormickii,A_1989713254_Fagaceae_Quercus_mccormickii#5,False,0.85386682741818,170.070308990135,0.22125369056717,-0.07882614350747887,-0.012974514156395545,0.17155321916323435,-0.07882614350747887,37.552917577606415,44.573306109815725,0.31638848769794764,0.7908806449554223,0.22125369056717,0.314167194185493,0.859504132231405,0.9875,0.16925127004511928,0.6400098171554799,0.6288659793814433,0.219854192222751,0.13664482208249104,0.3058739102537128,0.22027413934040915,0.31638848769794764,0.867656864888691,0.9824999999999999,0.16057577505480125,0.6237068713582359,0.6142131979695431,0.2200288324707167,0.13190990469281463,0.30755382779416374,-0.07882614350747887,0.12407191632343377,0.07988419277043138,126.62,12956.065929648243,0.22125369056717,0.050005591091615,1.0,0.0,0.0,147616.0,645.9052860989591,200,194,6,197,3,0.7140980530143092,0.8332056054302606,0.16679439456973943,37.552917577606415,86.71979394401603,0.5725,64.69008609703127,0.10015413635602312,332.20623820640674,57.15685549158955,282.3671208458008,76.38512742437283,49.83911736060594,-19.228271932783272,53.419697311060396,0.08270515578792766,0.2538659434462149,0.4475,0.3775,0.07,-42.71979394401603,-0.11866609428893342,0.05314799558306569,4,4,0,0,0.05249999999999999,0.9979968057172247,142.58204655565862,0.1847701690391613,-0.0010026013440277476,0.06909217449535866,0.13274983741599827,-0.0010026013440277476,23.654890915828783,29.57846614552881,0.28044792891080844,0.8724059460004714,0.1847701690391613,0.2895976745829966,0.8759124087591241,0.9875,0.12109755398980351,0.6650994575045213,0.6288659793814433,0.10916979065740753,0.08911530297454084,0.34782754577874236,0.16575288116351655,0.28044792891080844,0.8564106329081692,0.9824999999999999,0.0857786646216706,0.6279474508371095,0.40609137055837563,0.07195853757517873,0.07946090295701039,0.3403515162572931,-0.0010026013440277476,0.06081319098200737,0.03310433828311294,97.98,10783.476984924622,0.1847701690391613,0.049984449558969274,1.002099319064568,16.61035596551954,0.31401516502861027,147616.0,647.3193498544615,200,194,6,197,3,0.8022209020701001,0.8902581266798519,0.10974187332014808,23.654890915828783,69.38615599670246,0.9824999999999999,55.77922550552123,0.08616956301099638,327.65043499865294,62.36685783572034,285.5894093765778,70.35119223304356,42.061025622075135,-7.984334397323224,42.81214164403762,0.06613758982125775,0.2694133979507489,0.4625,0.3825,0.08000000000000002,-12.323141893628389,-0.03436857707738945,0.05721507107625475,4,4,0,0,0.06625000000000006,1,1.0,0.8595504630172313,0.009389671361502348,0.010014306151645207,1.663216095361664,1.215176668442061,0.009389226100151745,0.9852841776960036,0.9627752304077148,17,147616,1.9362880886426592,1.745353387807312,0.7882910074651469,True,True,0.6031967128756989,1.0,1.0,1.0,0.03648352152800871,0.038803381747236076,-0.07782354216345112,-0.05705252124959137,-0.08812284905579093,0.0359405587871392,0.0632587253414264,-0.08152530104504907
2,7,78,K_912089660_Rubiaceae_Posoqueria_acutifolia,K_912089660_Rubiaceae_Posoqueria_acutifolia#7,False,0.840443183996721,143.2503403137319,0.09422230929391445,-0.08669477949152664,-0.07933045704658664,0.09511425923664342,-0.08669477949152664,30.403111687214405,32.681897634238126,0.10881099958146573,0.9905251457536897,0.09422230929391445,0.09846593132346305,0.3074433656957929,0.0125,0.09467455621301775,0.11392405063291139,0.2617801047120419,0.08307410190011616,0.09425351272249607,0.1055171099313806,0.0980409611313134,0.10881099958146573,0.4761287363647979,0.0175,0.09502111546085037,0.11544632985453615,0.29591836734693877,0.09592647924315872,0.09432126518074273,0.1040574570274989,-0.08669477949152664,0.08673788263015351,0.03880193030222484,132.4,3005.929648241206,0.09422230929391445,0.0008219997262068594,1.0,1.4183044823391458e-14,1.3500311979441904e-13,278402.0,872.9737911501079,200,191,9,196,4,0.8261449533125834,0.9047966885804724,0.09520331141952763,30.403111687214405,42.003889609018074,0.7775000000000001,41.92287307749835,0.048023060374202814,429.6948281882529,81.12019893472473,439.66875352646935,98.71347525688192,-9.973925338216418,-17.593276322157195,20.223811668429185,0.023166573697229933,0.049310510019353944,0.4675,0.5675000000000001,-0.10000000000000009,-40.00388960901799,-0.09457184304732386,0.003919481417064486,1,1,0,0,0.05499999999999999,0.9577924361120097,65.78578873890622,0.04857199918071654,-0.021558753169876654,-0.006135874995066191,0.041975273166141046,-0.021558753169876654,8.410597982072202,9.816896309571408,0.07319993036858297,0.9951617627735956,0.04857199918071654,0.07172853712337669,0.5218855218855218,0.0225,0.037037037037037035,0.08218478815722308,0.07853403141361257,0.06646901451014921,0.03943696601063871,0.03967860915024846,0.039967946838165715,0.07319993036858297,0.5085821006188722,0.0225,0.020330050431480774,0.09727566729201215,0.09693877551020408,0.06932339131362583,0.01682704198564483,0.03355920285200962,-0.021558753169876654,0.02408747063598681,0.011102488487870057,58.43,918.2965829145729,0.04857199918071654,0.002800405743624144,1.0012821904418063,18.882889883538557,0.17522945529795186,278402.0,874.2036824045192,200,191,9,196,4,0.9487025468524748,0.9736760988841625,0.026323901115837496,8.410597982072202,36.164105608443634,0.0225,21.998915156080074,0.025164518977512772,433.2862999830879,87.46954836250724,437.80095298726343,92.1768509499915,-4.514653004175557,-4.707302587484264,6.52233005897796,0.007460881474484444,0.06546617624725094,0.5525,0.5425,0.010000000000000009,-5.850949906550596,-0.013828236195719466,0.003743296494444008,1,1,0,0,0.030000000000000027,1,1.0,0.9936164650436552,0.027909426013691417,0.04362801377726751,1.2448352920940546,1.1310730442458679,0.0,0.9812131068285774,0.8198890089988708,17,278402,2.0542452830188678,2.037927163346268,0.9830992286472887,True,True,0.9705475272032076,1.0,1.0,0.9832716716660395,0.045650310113197916,0.053138986070502374,-0.06513602632164998,-0.06887941030369016,-0.12255759353989137,0.03561106921288276,0.06265041199416671,-0.00463661701990592
2,9,79,K_912089660_Rubiaceae_Posoqueria_acutifolia,K_912089660_Rubiaceae_Posoqueria_acutifolia#9,False,0.8548043614060992,142.46262667801685,0.0884971316684116,-0.07828083738374986,-0.08096827768256783,0.08428183244670673,-0.07828083738374986,23.908571404944666,30.651002957405687,0.12036520179190562,0.9538277425547435,0.0884971316684116,0.11639637711008974,0.2546583850931677,0.9525000000000001,0.07112359181528558,0.2076849902818936,0.3516483516483517,0.014135671016751384,0.06288442761394256,0.18052870171332466,0.09085052570067646,0.12036520179190562,0.27613068642518795,0.9575,0.07314477525541477,0.21066257428360965,0.3602150537634409,0.013261630429593206,0.06449166798027481,0.18592338108703854,-0.07828083738374986,0.07828083738374986,0.022444391289371965,110.11,8212.450150753768,0.0884971316684116,0.005747956469220354,1.0,1.4183044823391433e-14,3.108624468950438e-14,261290.0,946.6394618858529,200,182,18,186,14,0.8423630106767847,0.9144376062645179,0.08556239373548218,23.908571404944666,58.57563109184173,0.8225,53.06782176115956,0.056059169195672665,485.3429231272434,76.82677695686114,515.2529535887861,90.271297004266,-29.910030461542704,-13.444520047404865,32.79275897992549,0.034641233859612416,0.042925099589902704,0.47250000000000003,0.5925,-0.12,-31.57563109184167,-0.07854634599960615,0.0024825530462781607,1,1,0,0,0.11499999999999999,0.9410458128115412,98.6728939476288,0.07076374362257991,-0.030372383175781698,-0.028577651936305775,0.0622603237781775,-0.030372383175781698,15.689654087744524,18.527839659714893,0.08038960251469048,0.9631371879269034,0.07076374362257991,0.08451521792540789,0.18339100346020762,0.07250000000000001,0.06607473544973544,0.13983906698551155,0.27472527472527475,0.06717949218673021,0.02836982290383748,0.11901452338020709,0.06690434184940139,0.08038960251469048,0.17452749818902866,0.057499999999999996,0.06324264732458824,0.13127638354633434,0.25806451612903225,0.07108765716509487,0.02221573882677714,0.10932906281525084,-0.030372383175781698,0.03039151900187531,0.011583604424202993,81.34,3135.823517587939,0.07076374362257991,0.002147111968002478,1.0002676553227892,9.282823862662616,0.0848146741729483,261290.0,947.4291551728627,200,182,18,186,14,0.8943131654115815,0.9442083618917066,0.05579163810829335,15.689654087744524,38.572129901213,0.8175000000000001,34.56303213847027,0.03648086186683171,486.7586778799049,80.93045565580361,515.7304230610804,86.07475462003681,-28.971745181175493,-5.144298964233201,29.424918533045698,0.031057645178416523,0.03487496652848057,0.5075000000000001,0.5925,-0.08499999999999996,-11.411241391771199,-0.02841809798100201,0.00225514432992871,1,1,0,0,0.08000000000000007,1,1.0,0.9870709759621401,0.007579585649317837,0.017369727047146403,1.2772097481585925,1.1023234810340197,0.008917294959623408,0.9904414240051719,0.9644125699996948,17,261290,2.327543424317618,2.2942415945149417,0.9458366534877175,True,True,0.8884015292688344,1.0,1.0,1.0,0.01773338804583169,0.022021508668529227,-0.04790845420796816,-0.029770755627188783,-0.051950154734796805,0.03997559927721514,0.047889318381874546,-0.009309445372159941
3,25,18,YPM_1038926111_Bignoniaceae_Catalpa_purpurea,YPM_1038926111_Bignoniaceae_Catalpa_purpurea#25,False,1.1259611863786159,23.99458272193955,0.06931920243996767,0.059249052704099206,0.059357769384757245,0.07292948181683973,0.059249052704099206,8.028623630898785,9.30479626494985,0.07726142135247555,0.968446599025826,0.06931920243996767,0.09065456749044595,0.6974789915966386,0.9975,0.07455663068733273,0.09440108167906092,0.04081632653061224,0.07983518954336238,0.0867469132338296,0.042263439754762426,0.06348763349460161,0.07726142135247555,0.26883807862270415,0.0075,0.06871121604941871,0.08929065502424996,0.04522613065326633,0.07974291546350076,0.08105573925296365,0.030169072449836798,0.059249052704099206,0.06608926726046946,0.037072240539343534,14.82,357.8970854271356,0.06931920243996767,0.0034306018506330958,1.0,7.091522411695723e-15,1.412203687323199e-13,40642.0,308.9858340362724,200,196,4,199,1,0.8842129737270402,0.9385488647581441,0.06145113524185587,8.028623630898785,15.107923493831493,0.5874999999999999,15.107923493831493,0.048895197868708586,158.34381678589764,36.73907208373338,163.73058182592717,32.54267998557367,-5.38676504002953,4.196392098159713,6.828392507609798,0.022099370765354245,0.06289527578934365,0.5874999999999999,0.4925,0.09499999999999992,14.107923493831478,0.0870859474927869,0.017716318459332192,1,1,0,0,0.05999999999999983,0.9990162805567852,24.56949327926809,0.04864865479885729,-0.0004921017666453423,-0.004272737387091007,0.05142463461443827,-0.0004921017666453423,3.178979899876332,3.814834030418825,0.03930095953569668,0.9854605390518948,0.04864865479885729,0.08688801617676362,0.7790055248618785,0.9975,0.03225806451612903,0.08904670571769219,0.07106598984771574,0.03128797087909449,0.06602125492305065,0.04811868707748501,0.028367522312817577,0.03930095953569668,0.1789961746379091,0.9975,0.020468476721071965,0.05799135142814957,0.025252525252525252,0.031817343486573946,0.016432992434292935,0.03677708344249612,-0.0004921017666453423,0.014886078441021603,0.006650755376211801,10.45,496.9422110552764,0.04864865479885729,0.005209278780892071,1.0009997815383902,5.890116346185632,0.15678647608260854,40642.0,309.2962722055762,200,197,3,198,2,0.9523429179978701,0.9755897995363425,0.02441020046365744,3.178979899876332,10.566831760598205,0.9975,10.566831760598205,0.03416410965850528,159.32578935469263,34.95837947143128,162.86546144677607,34.2302511650658,-3.5396720920834355,0.7281283063654769,3.6137860133113833,0.011683897731911402,0.08471188108287503,0.5825,0.4975,0.08500000000000002,4.067698061130244,0.0250106728317556,0.017513265004332344,1,1,0,0,0.10000000000000009,1,1.0,0.9839809384164223,0.03187250996015936,0.05642633228840126,1.253668311731677,1.1456192515752002,0.0,0.9923703915932599,0.9761160612106323,17,40642,1.9570552147239264,1.855337680978708,0.9859712966016173,True,True,0.9704241102495192,1.0,1.0,1.0,0.020670547641110378,0.021504847202401457,0.059741154470744545,-0.037040934778198364,-0.06812994427082986,0.03796046181677887,0.051203188819447853,-0.01701394002606882
3,27,19,YPM_1038926111_Bignoniaceae_Catalpa_purpurea,YPM_1038926111_Bignoniaceae_Catalpa_purpurea#27,False,0.9664955802680354,12.153188881935472,0.08366241356102705,-0.017037627782208367,-0.011607519472012464,0.06844051330384977,-0.017037627782208367,7.330134412109097,8.279127222004266,0.13038245424570508,0.873036931165885,0.08366241356102705,0.12126919336354418,0.7931034482758621,0.9975,0.07936507936507936,0.1404761904761905,0.3248730964467005,0.1074345760248336,0.036316013612048316,0.1075968353259539,0.09040545728197041,0.13038245424570508,0.745312142187755,0.9924999999999999,0.08316211247340446,0.15042636945103954,0.32323232323232326,0.12049745260784418,0.04340489631031767,0.10751079053491497,-0.017037627782208367,0.042630319727397954,0.028510476328572464,9.44,58.8808040201005,0.08366241356102705,0.007746138315250528,1.0,7.091522411695723e-15,2.4780177909633494e-13,27586.0,264.4321319759463,200,197,3,198,2,0.8698575799932001,0.9303998222114471,0.06960017778855285,7.330134412109097,17.142179270318366,0.9924999999999999,16.196235994996787,0.06124912231343374,141.04919915904165,27.05508432464135,130.3554536526395,29.47724227245423,10.693745506402138,-2.422157947812881,10.964626855477071,0.04146480525473528,0.06240884355295385,0.5325,0.41250000000000003,0.11999999999999994,-2.8578207296817624,-0.02116904244208713,0.02318225351895096,1,1,0,0,0.09999999999999998,1.0075685903500473,17.383900597967074,0.10459557067082241,0.003770028275212064,0.016567151362261414,0.09200319002392518,0.003770028275212064,5.258227619034834,6.339890621142721,0.11586604582036023,0.9161944542293224,0.10459557067082241,0.15857965744311878,0.8285714285714286,0.9924999999999999,0.06569343065693431,0.22779156327543426,0.34517766497461927,0.09725081231860865,0.06882357875944829,0.1468495408304101,0.06776794781249808,0.11586604582036023,0.7646725364887071,0.9924999999999999,0.04710716999311202,0.1344816209722671,0.15151515151515152,0.060258298614829314,0.02051034585015425,0.1216056929970229,0.003770028275212064,0.027332704995287466,0.016485717392880447,12.69,141.87326633165827,0.10459557067082241,0.014279760444448529,1.0002637378529862,2.4852568758495823,0.10125305929792328,27586.0,264.51356408069785,200,197,3,198,2,0.9052495336708668,0.9502687366380946,0.04973126336190533,5.258227619034834,19.11950907750434,0.9924999999999999,16.1667903246579,0.06111894632263823,140.53004549010868,28.03995235830208,130.85871159430425,28.395093132350674,9.671333895804423,-0.3551407740485928,9.67785225623575,0.03658735721122879,0.06621637690114153,0.5375000000000001,0.5625,-0.02499999999999991,1.064016428246319,0.007873332194205525,0.021864694368477544,1,1,0,0,0.020000000000000018,1,1.0,0.9825300770837836,0.03571428571428571,0.041044776119402986,1.2162875243138804,1.1074863086123528,0.0,0.9892709395464729,0.9645175933837891,17,27586,1.9705882352941178,1.9420134588669873,0.9228340058547574,True,True,0.8431165763217957,1.0,1.0,1.0,-0.02093315710979536,-0.023562676720075407,-0.02080765605742043,-0.01986891442664751,-0.03539195367766668,0.014516408425344851,0.015297614732110488,-0.04315752306343745
3,29,20,YPM_1038926111_Bignoniaceae_Catalpa_purpurea,YPM_1038926111_Bignoniaceae_Catalpa_purpurea#29,False,1.9579754195850403,41.27256958319896,0.3122927081590625,0.32386185944690166,0.3122927081590625,0.32386185944690166,0.32386185944690166,23.809188726621784,25.78732717479448,0.3063619522559426,0.9789325556275886,0.3122927081590625,0.31654557890261786,0.3825503355704698,0.1625,0.3333333333333333,0.36503042596348884,1.0,0.32475943793777756,0.3388205892839272,0.27188472301195343,0.3014620579663238,0.3063619522559426,0.3787052530624562,0.1625,0.32646014255596534,0.3559018743083119,1.0,0.31289841414992625,0.3320056893891408,0.25993794545576715,0.32386185944690166,0.32386185944690166,0.17299010409685922,36.245,391.683391959799,0.3122927081590625,0.002688012687928574,1.0,7.0915224116957165e-15,4.973799150320701e-14,22383.0,292.7749020290502,200,197,3,200,0,0.5254842640447077,0.6889409172290318,0.31105908277096816,23.809188726621784,35.02418872662179,0.4975,35.02418872662179,0.11962838509684329,139.53746037445603,27.71970775423962,142.55117620898864,14.497354559644043,-3.0137158345326043,13.222353194595579,13.561456674485395,0.04632042084379137,0.07703094132226355,0.5175000000000001,0.4275,0.09000000000000008,34.02418872662179,0.3271556608329018,0.017080541814515137,1,1,0,0,0.07999999999999996,1.9080161101727946,43.351412895083364,0.29663322809260795,0.3122459009069383,0.2950464122066377,0.31340749676093466,0.3122459009069383,24.172986128221133,26.363250081011866,0.30924187364350525,0.9670061719252984,0.29663322809260795,0.3384952500088883,0.6164383561643836,0.2475,0.28205128205128205,0.5378335949764521,0.8883248730964467,0.3175800672332124,0.33444748412798264,0.2357085543308075,0.302106023958677,0.30924187364350525,0.39580179626954326,0.2275,0.33105770256473316,0.3712346094314019,1.0,0.324180041332147,0.3392436034918436,0.2434487192838787,0.3122459009069383,0.3122459009069383,0.16905988920162623,35.075,652.3511306532663,0.29663322809260795,0.026723414118254615,1.0000633382042396,1.216895110084475,0.06231203448844602,22383.0,292.84729886952357,200,197,3,200,0,0.5208053127101546,0.6849072768979908,0.31509272310200925,24.172986128221133,35.80981684182269,0.4975,35.708970915162304,0.12193717016687332,139.1201783954407,28.177496877443897,143.50841276242224,14.080790541778285,-4.38823436698155,14.096706335665612,14.76393343162834,0.05041512586464499,0.09790890606850058,0.5175000000000001,0.47250000000000003,0.04500000000000004,34.82358413675443,0.3352261469408137,0.01650216056811512,1,1,0,0,0.07999999999999996,1,1.0,0.980669673606328,0.022328548644338118,0.05714285714285714,1.3786166136217755,1.1110876519923698,0.0,0.979391476687263,0.9445474147796631,17,22383,2.8095238095238093,2.111304200822029,0.0,True,False,0.0,1.0,1.0,1.0,0.015659480066454567,0.010454362685967,0.011615958539963334,0.004033640331041033,0.004678951334553094,-0.002879921387562656,0.011615958539963334,0.011926383702290266
3,31,21,YPM_1038926111_Bignoniaceae_Catalpa_purpurea,YPM_1038926111_Bignoniaceae_Catalpa_purpurea#31,False,3.358957654723127,62.54098656081466,0.5507181641441964,0.5411747123001046,0.5507181641441964,0.5411747123001046,0.5411747123001046,30.771838771902637,34.39346672189738,0.5943310215787163,0.4755825125037964,0.5507181641441964,0.5951158880851866,1.0,0.9325000000000001,0.575,0.8397435897435898,1.0,0.28127421837203676,0.5648953741020816,0.8045671789626824,0.5459889801279477,0.5943310215787163,1.0,0.9325000000000001,0.5725225938374036,0.8520102761528157,1.0,0.2679412792999539,0.5604375605900047,0.8089000728528344,0.5411747123001046,0.5411747123001046,0.23157512579086334,54.315,966.0862060301506,0.5507181641441964,0.05114741000837995,1.0,3.5457612058478614e-15,4.085620730620576e-14,20073.0,346.86639923032504,200,186,14,192,8,0.30695308083663086,0.46972318339100344,0.5302768166089965,30.771838771902637,47.2292849131549,0.6525000000000001,46.410913401686585,0.1338005454107677,179.60673657787325,25.462328000927062,135.19380556299674,9.3416007573205,44.412931014876506,16.120727243606563,47.248135288018915,0.13621421790308771,0.19803641876674802,0.4875,0.1675,0.31999999999999995,38.22928491315488,0.4344236921949418,0.01371622361585711,1,1,0,0,0.31,2.032633328297326,40.049906366931744,0.34640838900328325,0.3405071489064913,0.344300077063868,0.34220096647237586,0.3405071489064913,19.426794334175895,22.295105317764317,0.39102923851907717,0.7088340959172386,0.34640838900328325,0.3942290706651538,0.7368421052631579,0.9325000000000001,0.34514592019058965,0.5824626865671643,0.851063829787234,0.1296513535380681,0.3621129574588524,0.5461735963034565,0.3435089620078195,0.39102923851907717,0.7186303286045317,0.9325000000000001,0.3697625814751016,0.5840793557583882,0.837696335078534,0.12293697542616545,0.3596627085821073,0.5504426375036454,0.3405071489064913,0.3405071489064913,0.13841017785084442,34.345,426.54871859296486,0.34640838900328325,0.03560718812248247,1.0013714064177026,7.779301548200364,0.17835434359495084,20073.0,347.811645576976,200,188,12,191,9,0.4984136776240416,0.6652551095427143,0.33474489045728567,19.426794334175895,31.382580957253133,0.7375,30.466146214333616,0.08759380717052787,179.14752461441608,22.468084534551185,150.96562691150726,11.566050707383896,28.181897702908827,10.902033827167289,30.217109386999905,0.08687779656392328,0.04849833449985173,0.4925,0.1975,0.295,26.484578771629298,0.31493104706642305,0.014215739078774341,1,1,0,0,0.3,1,1.0,0.9738537886082512,0.022857142857142857,0.0449438202247191,1.6240989224060534,1.1239450171093144,0.0,0.9831403739312116,0.959341287612915,17,20073,3.865168539325843,3.145310657719543,0.0,True,False,0.0,1.0,1.0,1.0,0.20430977514091314,0.19897374582772875,0.2006675633936133,-0.19553192615171083,-0.19146059678741073,0.20330178305963914,0.2006675633936133,-0.23325158341344215
3,33,22,YPM_1038926111_Bignoniaceae_Catalpa_purpurea,YPM_1038926111_Bignoniaceae_Catalpa_purpurea#33,False,1.070756062767475,18.868227261722282,0.09356934255238086,0.03416919261504547,0.017419300065886743,0.0744006613392119,0.03416919261504547,9.534390366662995,10.756857619394028,0.19623674727688553,0.9292508860753148,0.09356934255238086,0.1536968432985828,0.8888888888888888,0.9724999999999999,0.0650887573964497,0.13783656117146906,0.2864583333333333,0.10550020971502333,0.05199339580761791,0.12583993467668564,0.1086576266308093,0.19623674727688553,0.9675061272575683,0.9775,0.06397237543497576,0.15790546844191422,0.29441624365482233,0.11165127700539519,0.05057507807028171,0.16542127709795876,0.03416919261504547,0.05428492697712869,0.03543320014696427,16.2,94.04020100502512,0.09356934255238086,0.014945338076747382,1.0,0.0,0.0,43548.0,335.0592904376008,200,192,8,197,3,0.8629768728997825,0.9264493676258382,0.07355063237416179,9.534390366662995,27.252640926924073,0.9575,14.78915425353067,0.04413891712781772,157.82823174802195,38.016320978939596,169.87296369110908,34.39964428657188,-12.044731943087129,3.6166766923677187,12.576005640820116,0.037533672396892356,0.07636928866412658,0.4425,0.6025,-0.16000000000000003,9.747359073075927,0.05700209984254928,0.02201812298762524,1,1,0,0,0.15499999999999992,0.9617099869363485,23.119256043393783,0.10858315516166432,-0.019518692018003124,-0.04687735492538813,0.07766143106457242,-0.019518692018003124,7.665161205092818,10.827518814591372,0.2214805880820857,0.9114338138588426,0.10858315516166432,0.2038561099768744,1.0,0.9775,0.05785123966942149,0.24244131455399057,0.2512820512820513,0.05503185502255834,0.06320946488442684,0.21221885940735746,0.10341320383057093,0.2214805880820857,1.0,0.9775,0.04060015656627042,0.23185270674495648,0.1919191919191919,0.05148261672451582,0.014097102856001957,0.2476318499909901,-0.019518692018003124,0.019587581519243134,0.011476302011573436,16.91,249.80090452261305,0.10858315516166432,0.02992045019617568,1.0007058278678465,5.436366899708551,0.12764225410433627,43548.0,335.5758985808237,200,195,5,198,2,0.8888508241026226,0.9411551328039982,0.05884486719600177,7.665161205092818,32.36380684534319,0.9525000000000001,17.510515366055685,0.052180491626809315,157.52381014580442,36.03883811630589,170.48852814369363,36.3825873332068,-12.96471799788921,-0.3437492169009104,12.969274316202599,0.03864781222683351,0.10306073374614827,0.4425,0.6074999999999999,-0.16499999999999992,-0.46302227920521943,-0.0027038377903716992,0.021845749956787824,1,1,0,0,0.1499999999999999,1,1.0,0.9847194188817807,0.03508771929824561,0.0755813953488372,1.2382251273707023,1.1339252116194465,0.0,0.9917170089833877,0.9766291975975037,17,43548,1.941860465116279,1.9543251901228422,0.9112948225414547,True,True,0.8208714830256951,1.0,1.0,1.0,-0.015013812609283458,-0.0032607697253605183,0.05368788463304859,-0.014705765178160024,-0.025873951202840084,-0.025243840805200174,0.03469734545788555,0.01781707221647222
3,35,23,YPM_1038926111_Bignoniaceae_Catalpa_purpurea,YPM_1038926111_Bignoniaceae_Catalpa_purpurea#35,False,0.9885525173611112,7.788131996826967,0.036511219114931714,-0.005756691130330396,-0.007228054834299847,0.028674324066242873,-0.005756691130330396,3.533653832197832,4.818389416289034,0.13090867754184315,0.9739631412487116,0.036511219114931714,0.0782696377277245,0.7818181818181819,0.9875,0.02000088892839682,0.06906896551724137,0.05263157894736842,0.034012770217031606,0.016044789121411808,0.05995952088753048,0.050409654007276636,0.13090867754184315,1.0,0.9975,0.022120088547928816,0.08260542944088599,0.07653061224489796,0.04207770641962921,0.015079627008091106,0.09304688505157563,-0.005756691130330396,0.007093553051591957,0.0040961858510899524,5.255,33.206005025125634,0.036511219114931714,0.0048184272119916865,1.0,7.0915224116957165e-15,9.414691248821327e-14,36653.0,304.9106191495745,200,190,10,196,4,0.9428868952258891,0.9706039991754277,0.029396000824572253,3.533653832197832,21.517094079120625,0.9824999999999999,18.258547039560312,0.05988163708592763,159.18024579175403,33.90928129038862,163.20296655696637,33.424237143727005,-4.022720765212341,0.48504414666161466,4.051857620781024,0.013288673356415237,0.021158719226363473,0.6275,0.4575,0.16999999999999993,-2.5170940791206675,-0.015731837994504172,0.01903650910539771,1,1,0,0,0.17500000000000004,1.0595044108557623,17.37196016573835,0.10157397523043259,0.028892587237061087,0.02020373966687333,0.07287261615693122,0.028892587237061087,7.583982077659743,9.162769179109043,0.17028145742074519,0.9229523476003582,0.10157397523043259,0.17200903580681234,1.0,0.9975,0.05421278518183872,0.2225700764470332,0.33505154639175255,0.13631420981512274,0.027923563529000533,0.1424959582547373,0.09848079233405357,0.17028145742074519,1.0,0.9975,0.04628525889263087,0.23282584531650227,0.2893401015228426,0.158484068229175,0.028824074617715866,0.10978129549809121,0.028892587237061087,0.04177011431533571,0.026268313644176467,13.355,124.04922110552764,0.10157397523043259,0.019369679664688517,1.0009443073424924,4.553720185076158,0.2586441511109896,36653.0,305.44866062506264,200,194,6,197,3,0.88125,0.9368770764119602,0.06312292358803986,7.583982077659743,27.05222296824595,0.9824999999999999,20.34503759949225,0.06660706109451803,157.91782634452474,34.723107206188544,165.65902212510161,32.676086506776485,-7.741195780576874,2.0470206994120588,8.00727206088582,0.026214788581819068,0.013805916833732656,0.4275,0.4675,-0.040000000000000036,3.261329044862464,0.020444731746462646,0.017682089373143518,1,1,0,0,0.06499999999999995,1,1.0,0.9842574136598462,0.03770949720670391,0.07453416149068323,1.2478893348179378,1.1472149351258298,0.0,0.990680126582875,0.9714095592498779,17,36653,1.8944099378881987,1.8764436871152181,0.9135965329221228,True,True,0.8252835543296586,1.0,1.0,1.0,-0.06506275611550087,-0.044198292090688346,-0.034649278367391484,0.03372692276346756,0.06163689522588911,-0.03937277987890203,-0.03467656126374376,0.05101079364835348
3,37,24,YPM_1038926111_Bignoniaceae_Catalpa_purpurea,YPM_1038926111_Bignoniaceae_Catalpa_purpurea#37,False,0.7209944751381215,7.99155804583812,0.17818696505119985,-0.16211878009630817,-0.17818696505119985,0.16211878009630817,-0.16211878009630817,9.463759774516566,9.67053730654319,0.21507745993183366,0.9659225524611077,0.17818696505119985,0.20513136389112407,0.8,0.9775,0.16,0.21739130434782608,0.9716312056737588,0.17079301245994585,0.12751318754259425,0.23767777520956193,0.18653338505048844,0.21507745993183366,0.9306387900928286,0.9775,0.1662704103077689,0.2290308422428508,0.9716312056737588,0.17401084602553007,0.13395343390157444,0.25332337585911796,-0.16211878009630817,0.16211878009630817,0.07950148166440302,6.565,20.870125628140702,0.17818696505119985,0.010402055380087214,1.0,0.0,0.0,8099.0,143.43107455203904,200,141,59,141,59,0.7162759840778417,0.8346862517716789,0.1653137482283211,9.463759774516566,13.306387900928286,0.9425000000000001,11.664621580879448,0.08132562359523661,68.72422052842467,12.83575388331128,69.9431359647336,17.533771936014503,-1.218915436308933,-4.6980180527032225,4.853568631882893,0.0338390313747663,0.08647508946796421,0.4475,0.3375,0.10999999999999999,-9.306387900928286,-0.1329483985846898,0.1459685454281811,10,13,3,3,0.0005000000000000004,0.8344280860702151,7.404390589373308,0.14771416593266273,-0.09025805655019138,-0.0948939325173129,0.13421410050623533,-0.09025805655019138,5.1130700699515685,6.711696215414919,0.17997476553756395,0.7740114532738501,0.14771416593266273,0.21237521453517208,1.0,0.6625000000000001,0.1111111111111111,0.2809605488850773,0.5544041450777202,0.16107509107576048,0.13304368723390958,0.148871586190316,0.11329308184080646,0.17997476553756395,1.0,0.0075,0.07749579024940284,0.1932064408842366,0.41025641025641024,0.1467276972859501,0.08382108301245705,0.10814325150776023,-0.09025805655019138,0.09025805655019138,0.04790375354982096,5.435,25.4128391959799,0.14771416593266273,0.02340502649903063,1.0017265658788446,3.484444450228878,0.24834022562952618,8099.0,143.77883163379457,200,193,7,195,5,0.8668007132288782,0.9286483630377792,0.07135163696222083,5.1130700699515685,32.98088840785282,0.6625000000000001,8.083681857736424,0.056223032040805594,69.80094690293106,14.184926143648914,69.41755574393828,16.19136503894079,0.3833911589927794,-2.0064388952918772,2.0427397830692766,0.014207514137214201,0.05606527687490434,0.5525,0.35250000000000004,0.19999999999999996,-3.5758302316592676,-0.05017416596683554,0.17391082047099493,2,2,0,0,0.09250000000000011,1,1.0,0.9773903400689995,0.08761329305135952,0.09027777777777778,1.251729156688491,1.1351702389028908,0.0,0.9906750005834243,0.9578249454498291,17,8099,2.028169014084507,1.9210421321512976,0.8632683945103273,True,True,0.7316610100485947,1.0,1.0,1.0,0.03047279911853712,0.02790467959007284,-0.07186072354611679,-0.09396211126610032,-0.15052472915103654,0.03510269439426972,0.07186072354611679,0.19191109918725757
3,39,25,YPM_1038926111_Bignoniaceae_Catalpa_purpurea,YPM_1038926111_Bignoniaceae_Catalpa_purpurea#39,False,1.0690916917778734,3.8555155297314,0.08001118106708226,0.03339228128575887,0.07953282660642691,0.03734526162488297,0.03339228128575887,3.5460712805547496,5.089788193444283,0.22167372887333978,0.9794989831765318,0.08001118106708226,0.2079290340465363,1.0,0.9975,0.02127659574468085,0.1373626373626373,0.11504424778761062,0.017555735419468626,0.018819508157358864,0.20204799244258442,0.08951419493621289,0.22167372887333978,1.0,0.9975,0.0277377352165053,0.1521292126253282,0.11504424778761062,0.02361131796044498,0.025431270476630845,0.21781360362262647,0.03339228128575887,0.03339228128575887,0.008435191927598045,1.795,11.701482412060301,0.08001118106708226,0.03716155744398852,1.0,0.0,0.0,9613.0,112.03904266728479,200,113,87,113,87,0.9163336481871684,0.9563404045574324,0.04365959544256763,3.5460712805547496,19.579609375134993,0.9475,9.789804687567496,0.08737851069148865,48.40913246711684,21.586059972447703,45.89646541127737,20.528533668007196,2.512667055839472,1.0575263044405077,2.726143359782203,0.024332083663708707,0.07250348589846703,0.3425,0.2525,0.09000000000000002,3.579609375134993,0.03728759765765618,0.21747281932006493,22,19,3,3,0.0005263157894736905,1.090691605045672,18.49175491942287,0.359572538634388,0.043378757931967125,0.07279829272933534,0.2911682097160096,0.043378757931967125,13.156120224149383,18.523939161611274,0.4509474952623237,0.21702305584749948,0.359572538634388,0.47651961371690665,1.0,0.1975,0.2727272727272727,0.8823529411764706,0.7348066298342542,0.29774324065515956,0.32162895549550174,0.4791516511226647,0.2925297692563706,0.4509474952623237,1.0,0.1975,0.1199700581388977,1.0,0.5159574468085106,0.28715618788405295,0.1453471302354311,0.4659429310358591,0.043378757931967125,0.043378757931967125,0.014855144075730782,13.995,146.8190703517588,0.359572538634388,0.09832174578202556,1.000099688504979,0.5063564000043871,0.08797433627913409,9613.0,112.12100213942641,200,181,19,188,12,0.9047306655004009,0.9499827790746623,0.050017220925337724,13.156120224149383,49.24228514389636,0.2925,7.8829479708541985,0.07030750546674097,48.366962684136254,21.510878745730594,46.06887256886332,20.59823963418826,2.2980901152729345,0.9126391115423331,2.4726763487832266,0.022053641169817288,0.08171759572128279,0.34750000000000003,0.47250000000000003,-0.125,4.248830552494198,0.044181846873738176,1.5302422975084586,11,14,3,3,0.07954545454545453,1,1.0,0.9648333674095277,0.08620689655172414,0.14960629921259844,1.2005316166890625,1.1253616432641673,0.0,0.9936253253151389,0.9781067371368408,17,9613,1.309278350515464,1.116568282210909,0.0,True,False,0.0,1.0,1.0,1.0,-0.2795613575673057,-0.2538229480911266,-0.009986476646208255,0.0063576254827700796,0.011602982686767516,-0.22927376638898392,-0.009986476646208255,0.7624759273290324
3,41,26,YPM_1038926111_Bignoniaceae_Catalpa_purpurea,YPM_1038926111_Bignoniaceae_Catalpa_purpurea#41,False,0.9651395631067962,18.80545133731174,0.05311601550132514,-0.017739420419632244,-0.006681197113232212,0.04963641135693443,-0.017739420419632244,7.7477001949077335,8.6901004114024,0.07336877185126454,0.964208717343726,0.05311601550132514,0.06631616804076544,0.3333333333333333,0.9824999999999999,0.05188679245283019,0.07142857142857142,0.04568527918781726,0.03639886223099844,0.05847580199819538,0.06508950550630091,0.05534027882592053,0.07336877185126454,0.41761933145895236,0.9924999999999999,0.05238546377155051,0.07527727045771575,0.05527638190954774,0.03439511876012924,0.060200680016983116,0.07174238861073698,-0.017739420419632244,0.02721897145327384,0.012339897484985565,16.075,95.7179648241206,0.05311601550132514,0.0015845665257764475,1.0,7.091522411695718e-15,3.552713678800501e-14,64771.0,404.1079272753062,200,197,3,199,1,0.9074496698997473,0.9514795427838906,0.04852045721610939,7.7477001949077335,14.394755376444124,0.4975,14.394755376444124,0.03562106656382769,190.21115663961294,41.94739927572122,188.11642131120098,44.996406814435666,2.094735328411957,-3.0490075387144486,3.6992381738994164,0.009154084649715965,0.06500591584459714,0.2875,0.3875,-0.10000000000000003,-9.394755376444124,-0.04390072605815011,0.011416457814294144,1,1,0,0,0.08500000000000002,0.961746978829088,18.07747216842001,0.048730396128285954,-0.019499467354217166,-0.010589748997699286,0.048123388553519324,-0.019499467354217166,7.39108867250574,8.491471346821616,0.06580610062775066,0.9608479304407141,0.048730396128285954,0.05827800508758905,0.28,0.9824999999999999,0.05014749262536873,0.07097156788455837,0.025380710659898477,0.03792647030530794,0.05979610645413491,0.048629242200684306,0.049999855026441574,0.06580610062775066,0.38598968987957866,0.9924999999999999,0.046830885679754616,0.07322446876848274,0.03015075376884422,0.03400758296719823,0.05765738617999301,0.058576903084546245,-0.019499467354217166,0.026076484846613453,0.011830564604529805,15.585,84.32439698492462,0.048730396128285954,0.0010268869945069873,1.000075127065012,1.3498888885817713,0.08049844250942018,64771.0,404.69920989422315,200,197,3,199,1,0.9111454353304609,0.9535071674677783,0.0464928325322217,7.39108867250574,14.724754062569076,0.6575,13.851739606360464,0.03422724647765167,189.85182704711812,42.13102445314666,189.26576952943614,44.8154928443042,0.5860575176819793,-2.6844683911575444,2.7476961180515467,0.0067894773473111455,0.06178438383410228,0.2925,0.4175,-0.125,-7.843226536240067,-0.03657297271627894,0.010790004825640801,1,1,0,0,0.06,1,1.0,0.986309144877626,0.0306553911205074,0.03640776699029126,1.2514951429134542,1.1358636734641667,0.0,0.9914624550763298,0.9720203280448914,17,64771,1.916279069767442,1.8205305811467623,0.9713946820461743,True,True,0.9401906076551136,1.0,1.0,1.0,0.004385619373039183,0.001513022803415108,0.001760046934584921,-0.00202762468388773,-0.0036957654307135934,0.007562671223513881,0.0011424866066603867,0.003360786903011892
3,43,29,YPM_1038926111_Bignoniaceae_Catalpa_purpurea,YPM_1038926111_Bignoniaceae_Catalpa_purpurea#43,False,1.079185976224058,3.6939139134527754,0.06152940395550386,0.03808508576412443,0.0413235878736016,0.0526213780405078,0.03808508576412443,3.149818983936726,4.14449186941901,0.09779998646443439,0.9496918183132224,0.06152940395550386,0.08732759281248419,0.375,0.9624999999999999,0.040547945205479455,0.14285714285714285,0.21022727272727273,0.033491844787823306,0.02390932189992622,0.13031893793998997,0.0672728675782841,0.09779998646443439,0.4322452349833175,0.9624999999999999,0.03942346864682186,0.15852468170839304,0.2569832402234637,0.02788118342121806,0.028590603902106753,0.14665807858699112,0.03808508576412443,0.03818199437930032,0.00966929935071228,2.715,6.305301507537689,0.06152940395550386,0.0038621851491052006,1.0,3.54576120584786e-15,3.9968028886505635e-14,10319.0,184.8164068540659,200,176,24,179,21,0.8955862977602108,0.9449174630755864,0.055082536924413554,3.149818983936726,9.483678524749763,0.8925000000000001,7.708511833424513,0.041709023374268295,97.06823351412821,16.611518127199382,92.48881549968617,14.992192573208428,4.579418014442041,1.6193255539909543,4.8572918998969365,0.026281713742721636,0.027672306586377326,0.6575,0.5974999999999999,0.06000000000000005,0.48367852474977724,0.006122512971516168,0.10373524048013634,12,13,1,1,0.0037499999999999526,1.079185976224058,6.399609363078343,0.10539303868465409,0.03808508576412443,0.040112706803687496,0.0964240721000097,0.03808508576412443,2.9275532902063945,4.291953438731287,0.10966252721110281,0.9325718943451646,0.10539303868465409,0.1419039515541054,0.52,0.7375,0.08823529411764706,0.22235576923076938,0.425531914893617,0.09065579015091056,0.08073118046248286,0.1468136092292714,0.06280881945931759,0.10966252721110281,1.0,0.7975000000000001,0.04261886277542369,0.12443957935275161,0.18229166666666666,0.030180983593326872,0.031210653540386477,0.12700264405839376,0.03808508576412443,0.038278902994476206,0.009667845721484642,4.975,16.2858040201005,0.10539303868465409,0.009077322493770915,1.0000661121430796,0.4689357291482278,0.07684932997877025,10319.0,184.90777458947701,200,188,12,192,8,0.9109606116004654,0.9534059530798165,0.046594046920183506,2.9275532902063945,32.03641407775233,0.7975000000000001,24.054192630277516,0.13008751353847306,97.2297101587754,16.339802128386133,92.45771378358019,15.23443481217368,4.771996375195215,1.1053673162124529,4.898345262292868,0.026490748012991498,0.016300572368521955,0.6625000000000001,0.6025,0.06000000000000005,-0.5886400549059871,-0.007461203810898288,0.13936675545753113,2,3,1,1,0.03249999999999997,1,1.0,0.9611475254108482,0.0275,0.0625,1.3076426724298502,1.1165721601738738,0.0,0.9885475530343897,0.9599287509918213,17,10319,2.3,2.326408271047562,0.9248343940610992,True,True,0.8470049368138042,1.0,1.0,1.0,-0.04386363472915023,-0.04380269405950189,0.0,-0.00848849000423002,-0.015374313840254561,-0.011862540746668426,-9.690861517588911e-05,0.017119923968057726
3,44,31,YPM_1038926111_Bignoniaceae_Catalpa_purpurea,YPM_1038926111_Bignoniaceae_Catalpa_purpurea#44,False,1.3961828141047588,27.108762421032797,0.16175126472369714,0.16533914347965853,0.15431168971129655,0.16983962567417937,0.16533914347965853,15.229390058562993,16.46288064181078,0.16642160470314618,0.9958399142310427,0.16175126472369714,0.16581620165712135,0.2727272727272727,0.9824999999999999,0.1743119266055046,0.18518518518518517,0.9119170984455959,0.1575466076163522,0.17773880954888044,0.14914037365136362,0.1597710320139884,0.16642160470314618,0.45935379799878645,0.0025,0.16918775775947276,0.18032124843156727,0.898989898989899,0.15868084244668731,0.1731642614776904,0.14729548672790907,0.16533914347965853,0.16669643176054577,0.08789343501089403,23.775,170.48680904522612,0.16175126472369714,0.0013384762021352058,1.0,0.0,0.0,27997.0,301.875955981863,200,193,7,198,2,0.720283194634207,0.8374007220216606,0.16259927797833934,15.229390058562993,22.272277838023058,0.3025,22.272277838023058,0.0737795687158377,142.62599595894284,30.046762348178436,143.0777321745989,21.522026092970666,-0.45173621565606936,8.52473625520777,8.536696892205384,0.02827882354670962,0.06814230129999567,0.4325,0.3925,0.03999999999999998,21.272277838023058,0.17017822270418445,0.022992905467776277,1,1,0,0,0.03999999999999998,1.6256213073243928,39.382419935803846,0.22934403196855527,0.2382755295210201,0.22303984386777315,0.2409901060827946,0.2382755295210201,23.932839448555303,25.72297717754838,0.2504709885621884,0.9947756300794731,0.22934403196855527,0.2485843906606282,0.53125,0.3825,0.23903649167733676,0.2950582351779957,0.9030612244897959,0.23052217823246682,0.2510813602576228,0.20571244883579567,0.2450530336435362,0.2504709885621884,0.3420233223310753,0.9875,0.26344202497260877,0.27352845612556453,0.9593908629441624,0.2539270963732107,0.2670478059618016,0.2137092934410124,0.2382755295210201,0.239311354788013,0.12758768796656783,33.735,414.99977386934677,0.22934403196855527,0.009242670764011973,1.0010399120055415,5.901494750660703,0.1538652984866229,27997.0,302.29483072545236,200,196,4,197,3,0.5944977554466455,0.745686537865482,0.25431346213451805,23.932839448555303,33.98029146396194,0.4425,33.84656788195582,0.11196542064821367,142.58358995847306,32.52791242970866,143.9296146445742,19.047805376620005,-1.3460246861011456,13.480107053088652,13.547142452130785,0.044814337114598084,0.07448780528515037,0.4325,0.4375,-0.0050000000000000044,33.01046380983712,0.26406491489672723,0.0227236918457946,1,1,0,0,0.03500000000000003,1,1.0,0.9870528230552484,0.06521739130434782,0.07936507936507936,1.2479885452317492,1.0711185375597283,0.0,0.9702358456218944,0.8877893090248108,17,27997,2.388888888888889,1.913024003676619,0.5233376215475418,True,True,0.2525873852310038,1.0,1.0,1.0,-0.06759276724485813,-0.07115048040861521,-0.07293638604136157,0.0917141841561786,0.12578543918756147,-0.08404938385904223,-0.07261492302746722,0.0010642841515695611
3,46,32,YPM_1038926111_Bignoniaceae_Catalpa_purpurea,YPM_1038926111_Bignoniaceae_Catalpa_purpurea#46,False,1.3602150537634408,2.824889378365107,0.17395726797730526,0.15261958997722094,0.13692023094026823,0.1548974943052392,0.15261958997722094,5.371703174591691,5.591639220424091,0.19196118254117903,0.9267981166835055,0.17395726797730526,0.21804783630155725,1.0,0.9924999999999999,0.13513513513513514,0.2727272727272727,0.9444444444444444,0.13449096585026302,0.12523144721287136,0.26163497316670414,0.18007041383808328,0.19196118254117903,0.35102120355743804,0.9375,0.15453543461796374,0.2944073371222309,0.9622641509433962,0.14532891858917077,0.14381847022450264,0.2551510874357428,0.15261958997722094,0.15375854214123008,0.07808940774487472,1.36,6.161206030150753,0.17395726797730526,0.017609835905995977,1.0,0.0,0.0,1756.0,52.867906136868456,200,54,146,53,147,0.7163313651309974,0.8347238530787137,0.16527614692128628,5.371703174591691,8.563275646246694,0.7675000000000001,6.831690720434121,0.1292218894152479,24.042610847391135,10.006934265811092,23.40530987762209,7.118899811285255,0.6373009697690435,2.8880344545258367,2.957515094906011,0.055941596916083094,0.09381486900274193,0.2575,0.2175,0.04000000000000001,5.563275646246694,0.14640199069070248,0.4221461396844832,10,9,1,1,0.0011111111111111122,1.080568720379147,3.5972211497209896,0.2371360024501386,0.0387243735763098,0.022412418878387463,0.2437357630979499,0.0387243735763098,4.294337448894868,6.272242636633122,0.370013585515005,0.29851631846849686,0.2371360024501386,0.35544717169750684,1.0,0.4975,0.2,0.5555555555555556,0.6963350785340314,0.14148177692953814,0.38528961778961773,0.1983800054112554,0.23208116587987238,0.370013585515005,1.0,0.4975,0.12146946666200943,0.779191130189074,0.5572916666666666,0.08600933273901369,0.4291352048891979,0.19350120400462376,0.0387243735763098,0.04783599088838269,0.02056093394077449,2.14,8.402412060301508,0.2371360024501386,0.07047820404240752,1.0092931740650202,3.109763610591198,0.462634686145321,1756.0,53.40044345209551,200,191,9,192,8,0.9442516268980478,0.9713265647662613,0.028673435233738703,4.294337448894868,19.40378317519294,0.5525,2.640704221649124,0.04945097926046341,24.074913819247616,8.708036950754243,23.826645678415787,8.340619419069734,0.24826814083182924,0.3674175316845094,0.44343287241839713,0.008303917416269999,0.08008384530644351,0.2975,0.5525,-0.255,0.1503210430478461,0.0038585522240916588,1.5932742074501893,5,3,2,2,0.05666666666666667,1,1.0,0.9675287356321839,0.21678321678321677,0.3157894736842105,1.168269190501111,1.1064116472323657,0.0,0.9777151872130001,0.9407317638397217,17,1756,1.4615384615384615,1.365453586011923,0.7760738808862044,True,True,0.5938855044057877,1.0,0.868421052631579,1.0,-0.06317873447283334,-0.0888382687927107,0.11389521640091115,-0.13660271168754767,-0.22792026176705038,-0.178052402973826,0.10592255125284739,0.6282817982150086
3,48,33,YPM_1038926111_Bignoniaceae_Catalpa_purpurea,YPM_1038926111_Bignoniaceae_Catalpa_purpurea#48,False,1.080763249967604,17.572279305770213,0.04697923335072159,0.038814242787525884,0.029334448964312775,0.046630026934873656,0.038814242787525884,8.072372433495783,9.38946235017584,0.07107789286463945,0.9908851497516293,0.04697923335072159,0.06042910256266291,0.3924050632911392,0.9875,0.04514528915464041,0.07352167046850326,0.025252525252525252,0.03342319801001383,0.06161890199291521,0.04608748315753145,0.05200584805237531,0.07107789286463945,0.5250156731633111,0.9924999999999999,0.04935960604903393,0.07683569992946411,0.02512562814070352,0.03784138244691165,0.06557697486745523,0.05281379995799336,0.038814242787525884,0.04259758053215837,0.023117789472045337,14.975,84.95917085427136,0.04697923335072159,0.0014519612077200093,1.0,7.0915224116957165e-15,7.283063041541027e-14,64229.0,399.64809708526303,200,198,2,199,1,0.904347121500628,0.9497713009254335,0.050228699074566535,8.072372433495783,17.674482785610678,0.4175,17.674482785610678,0.0442251143306205,189.57464456090347,45.92524834703334,191.81689860484943,40.85412183124545,-2.2422540439459624,5.071126515787888,5.544729690139911,0.013874030004343969,0.05654140146807622,0.40750000000000003,0.4525,-0.044999999999999984,15.674482785610678,0.07535809031543596,0.012235408066754203,1,1,0,0,0.03500000000000003,1.0054641396321853,11.59202311936963,0.032098061919921574,0.0027246259477805975,-0.0075694796675726496,0.02744866026249825,0.0027246259477805975,3.652699421926775,4.946474119076378,0.061079508191380034,0.9895726838372818,0.032098061919921574,0.05222922957591918,0.36585365853658536,0.9875,0.02238819823889408,0.05807819123881304,0.05555555555555555,0.02855113738124408,0.02765692546405142,0.040263584230365,0.03114275864675283,0.061079508191380034,0.5191259703638071,0.9924999999999999,0.019377796143496252,0.07387013271649291,0.035175879396984924,0.033570922112959624,0.014961361583927508,0.04485920188782278,0.0027246259477805975,0.009466129007146305,0.005473968145230347,8.815,56.9555527638191,0.032098061919921574,0.001706224136698642,1.00058063826073,5.799862055955381,0.12078566576445815,64229.0,400.1480727106662,200,198,2,199,1,0.9553192333637555,0.9771491192466921,0.0228508807533079,3.652699421926775,17.657825212647012,0.9924999999999999,15.554127772313867,0.03887093012081191,190.38379455909123,43.73824128847964,191.54618703980051,42.97541608332576,-1.1623924807092862,0.7628252051538809,1.3903447676125331,0.0034745756944276106,0.06508975528461919,0.4525,0.4575,-0.0050000000000000044,5.16394101054459,0.024827684283977452,0.012430034174698174,1,1,0,0,0.040000000000000036,1,1.0,0.9894737658630426,0.042363433667781496,0.03722084367245657,1.2346790994502208,1.128733222910337,0.0,0.9935391054433935,0.9733951091766357,17,64229,1.9282296650717703,1.877261711210897,0.998453425090426,True,True,0.9967163871935913,1.0,1.0,1.0,0.01488117143080002,0.019181366672375407,0.036089616839745285,-0.02737781832125863,-0.050972111863127445,0.009998384673259413,0.03313145152501207,0.001312465914347527
3,50,34,YPM_1038926111_Bignoniaceae_Catalpa_purpurea,YPM_1038926111_Bignoniaceae_Catalpa_purpurea#50,False,0.9914493373236426,11.151233115669315,0.06010765675198899,-0.004293688278231,0.0022810784567418242,0.051646936146721466,-0.004293688278231,4.171315802669643,5.334703799606728,0.0906407785452828,0.9248743043134001,0.06010765675198899,0.09445093627499773,0.5058823529411764,0.037500000000000006,0.05027932960893855,0.09302325581395349,0.08121827411167512,0.09708284721351758,0.029300563316917078,0.05316906934249417,0.058305146144340896,0.0906407785452828,0.522243092059946,0.037500000000000006,0.0451754459275809,0.09610231697689238,0.10050251256281408,0.08587245795664934,0.027152305760307305,0.0614729881734553,-0.004293688278231,0.015395939397656874,0.0075487640311599075,8.42,53.72221105527637,0.06010765675198899,0.005335130845473084,1.0,3.5457612058478583e-15,3.907985046680551e-14,32606.0,382.36247219828726,200,197,3,199,1,0.9018072289156627,0.9483687044662654,0.05163129553373456,4.171315802669643,21.934209866517733,0.037500000000000006,15.934209866517705,0.041673048547124336,180.30509014570694,23.399926962458625,177.87724497008696,23.28355163548237,2.4278451756199786,0.11637532697625375,2.4306327187607004,0.006356880958495874,0.03231856176339304,0.3725,0.3275,0.044999999999999984,-5.065790133482281,-0.04483000118125913,0.03776775245999741,1,2,1,1,0.09999999999999998,0.7279279279279279,29.823815986556784,0.182515789478857,-0.15745568300312826,-0.15498066253034126,0.1719315463411642,-0.15745568300312826,15.540132148677472,16.501920263071447,0.20892729328953252,0.8640744854234877,0.182515789478857,0.19957660350546147,0.46835443037974683,0.037500000000000006,0.16587677725118483,0.30241514884056814,0.8888888888888888,0.15270245653832332,0.16604733808495667,0.22996826792521355,0.19156116750953522,0.20892729328953252,0.4972314556520081,0.037500000000000006,0.1753124171366763,0.30990201305024584,0.8844221105527639,0.13471714841089721,0.18489480215111953,0.255932824983235,-0.15745568300312826,0.15745568300312826,0.07044117647058823,28.03,104.30060301507538,0.182515789478857,0.006551897649856725,1.002798300019358,11.717357327755073,0.3285633439765365,32606.0,383.81562073076566,200,198,2,199,1,0.6929734429339235,0.8186465603772264,0.18135343962277364,15.540132148677472,21.069817449043732,0.6575,21.06194684283104,0.054875168453879374,172.62428831167796,19.489044022204148,184.08639369851556,27.202188881287483,-11.462105386837607,-7.713144859083336,13.815660082535882,0.03599556489189147,0.02408550771491542,0.2975,0.3575,-0.06,-18.783199491920314,-0.16796311336013894,0.03750439802424493,1,2,1,1,0.050000000000000044,1,1.0,0.9702853869231581,0.05647058823529412,0.08638743455497382,1.6076291047412659,1.1792395179964654,0.0,0.9756599068641663,0.8495030999183655,17,32606,3.3508771929824563,2.9385823370682815,0.7076103884710335,True,True,0.4795762198505758,1.0,1.0,0.9997239443990921,-0.12240813272686801,-0.12028461019444273,0.15316199472489725,0.12972214408903904,0.20883378598173918,-0.11828651474424973,-0.14205974360547138,0.06079981888991237
3,52,36,YPM_1038926111_Bignoniaceae_Catalpa_purpurea,YPM_1038926111_Bignoniaceae_Catalpa_purpurea#52,False,0.9099648933297326,62.13674436273597,0.11369244848696669,-0.047139665752340014,0.008958792972441723,0.10969091988801855,-0.047139665752340014,11.876289866841887,13.585563412820113,0.15005703610619298,0.9069270120148979,0.11369244848696669,0.1521613473166481,0.48607888631090485,0.0025,0.07975460122699386,0.29321266968325793,0.4387755102040816,0.11781524717666633,0.03206237758950478,0.19482510193177008,0.11497243144930623,0.15005703610619298,0.37576244457694297,0.9525000000000001,0.08312624962107705,0.28650771659635343,0.4444444444444444,0.11720458299588785,0.03527691767342078,0.1935931969198827,-0.047139665752340014,0.07841529282017928,0.06156526595594265,19.395,3502.320577889448,0.11369244848696669,0.010279549455149658,1.0,7.0915224116957165e-15,5.5067062021407764e-14,35363.0,263.89408839262376,200,196,4,198,2,0.8321895487482268,0.9084098851200066,0.0915901148799933,11.876289866841887,23.466452438614454,0.0025,23.466452438614454,0.08892375187920419,118.20093549673076,32.46923104565003,100.25828132416703,37.171357464243776,17.942654172563735,-4.70212641859375,18.54855335633095,0.0702878699151997,0.08119242623968506,0.3375,0.2525,0.08500000000000002,-11.466452438614482,-0.06991739291838099,0.026401986641257383,1,1,0,0,0.07500000000000001,0.9560263288898723,38.185010147962515,0.11580366086556096,-0.022481124338998387,0.023136451185508604,0.10330005938410203,-0.022481124338998387,7.706811791232249,9.854026670464451,0.13157236333688688,0.9448679151015651,0.11580366086556096,0.16163834571717361,0.5102040816326531,0.9775,0.09615384615384616,0.28025136190108524,0.4873096446700508,0.12345873827980967,0.026512949637383064,0.19987079765157778,0.0859373027168358,0.13157236333688688,0.3451036269541988,0.9475,0.04922071565233424,0.2771957724847841,0.23737373737373738,0.058440081528731945,0.010136438653731135,0.19124762345172613,-0.022481124338998387,0.057941916692588295,0.044198526708706845,18.265,1130.1354522613065,0.11580366086556096,0.012781346869667245,1.0008213714886456,3.9580323261583192,0.2235553568160935,35363.0,264.14367917031024,200,197,3,198,2,0.8885907562072484,0.9410093248489214,0.05899067515107856,7.706811791232249,20.91400548271129,0.8525,16.879344183447795,0.06390213173552643,117.50181324886566,33.71963785733725,101.10027543171174,35.84422810358833,16.401537817153923,-2.1245902462510813,16.538570871813427,0.06261202586320438,0.08958739419745275,0.3375,0.2475,0.09000000000000002,-3.6778456801667403,-0.02242357012136147,0.025707539060702393,1,1,0,0,0.065,1,1.0,0.9684594953519257,0.04748603351955307,0.06060606060606061,1.2869135395845732,1.161454477622802,0.0,0.9909811475697685,0.9631755352020264,17,35363,1.7393939393939395,1.5751453169537228,0.9046782849562951,True,True,0.8082581693066444,1.0,1.0,1.0,-0.0021112123785942682,0.006390860503916518,-0.024658541413341627,-0.03259943972891477,-0.05640120745902155,0.0184846727693061,0.020473376127590988,-0.0379409030866672
3,54,49,YPM_1038926111_Bignoniaceae_Catalpa_purpurea,YPM_1038926111_Bignoniaceae_Catalpa_purpurea#54,False,0.03571428571428571,24.62092605894425,0.9218343219787275,-0.9310344827586207,-0.9218343219787275,0.9310344827586207,-0.9310344827586207,28.41917461122993,29.052903478479543,0.9408755189100498,-0.41306096154009453,0.9218343219787275,0.927350758836402,1.0,0.3675,1.0,1.0,1.0,0.7998391388523348,0.9694099621830714,0.9975754104620085,0.9369109382683439,0.9408755189100498,1.0,0.3675,1.0,1.0,1.0,0.8340220120460563,0.9799337318688012,0.9979721484901867,-0.9310344827586207,0.9310344827586207,0.4137173008323425,15.66,362.76824120603015,0.9218343219787275,0.010297147762285788,1.0,0.0,0.0,3364.0,105.75434525643314,200,107,93,107,93,0.03710588664115182,0.07155660211576986,0.9284433978842301,28.41917461122993,34.4896332289409,0.5175000000000001,34.4896332289409,0.32612970318439816,24.23874906066631,1.3896771158866832,57.54367663281856,15.654042095935976,-33.30492757215225,-14.264364980049294,36.23106828221277,0.34259649751846766,0.8205838266795776,0.1875,0.4825,-0.295,-29.979266457881806,-0.7686991399456874,0.49297090770653196,2,10,8,8,0.02500000000000001,0.4475043029259897,10.08265837961398,0.3986073748635695,-0.3816884661117717,-0.3706632484950734,0.40725326991676575,-0.3816884661117717,9.68355804005239,12.518509264315918,0.5019737813456935,-0.2640892766793957,0.3986073748635695,0.49291846471872586,1.0,0.4025,0.3021739130434783,0.7777777777777778,0.8469387755102041,0.1348247885907522,0.32682169096962477,0.7202216282153117,0.38355301342962306,0.5019737813456935,1.0,0.4025,0.25520516755114486,0.8551966976793883,0.7397959183673469,0.0752058556182585,0.3003537782396376,0.7588092580158378,-0.3816884661117717,0.3816884661117717,0.10780618311533888,6.85,55.01256281407035,0.3986073748635695,0.08451195701921921,1.0521114517548333,14.807688151378573,1.0633074019783963,3364.0,111.3837330936303,200,196,4,196,4,0.5280170611357364,0.6911140910210448,0.3088859089789551,9.68355804005239,23.71241284719731,0.8725,21.859907048626134,0.1962576261495067,46.50489114611165,6.02173967527698,65.02047247855974,10.379200615515677,-18.515581332448086,-4.357460940238696,19.021414719315857,0.17077372243688638,0.37342977858729853,0.4675,0.8875,-0.41999999999999993,-9.77022973019637,-0.23342123732190168,0.23735203555666565,3,2,1,1,0.23000000000000007,1,1.0,0.8852997536271557,0.12403100775193798,0.175,1.530481775587082,1.146793199408507,0.0,0.9379216748125413,0.8018977046012878,17,3364,2.9,2.1574758288457243,0.0,True,False,0.0,1.0,1.0,0.9643295950100054,0.523226947115158,0.5237812128418549,-0.5493460166468489,-0.619557488905275,-0.4909111744945846,0.43890173756435635,0.5493460166468489,-0.14897168486069884
4,14,51,Z_2575336428_Fagaceae_Quercus_helvetica,Z_2575336428_Fagaceae_Quercus_helvetica#14,False,1.169024131127637,91.34256948433189,0.11392648915897699,0.07792634885982773,0.09107978398807022,0.10041492614594485,0.07792634885982773,25.570952800656823,29.873246157821658,0.15400722100593353,0.9035939332266285,0.11392648915897699,0.14141328976977094,0.29118773946360155,0.5925,0.07739475212768644,0.2516670192511106,0.422680412371134,0.06281466344805194,0.09738105928090621,0.18796732021774173,0.12382184242570289,0.15400722100593353,0.5343428241479521,0.9875,0.08526872428742743,0.25899887703783087,0.43434343434343436,0.06834198821986882,0.09796870107747388,0.20725965105299518,0.07792634885982773,0.07792634885982773,0.0288349006766165,71.755,3210.7386683417085,0.11392648915897699,0.007054838739560766,1.0,1.4183044823391433e-14,5.1514348342607263e-14,142917.0,568.4371536759389,200,194,6,198,2,0.8047780031552851,0.891830465296336,0.10816953470366393,25.570952800656823,76.83937014177019,0.5925,50.14511337026284,0.08821575621154794,249.33575379041275,75.34282241233679,230.96021021562518,67.83483003004068,18.37554357478757,7.507992382296109,19.850202802025304,0.03492066391800584,0.07017008223366816,0.2925,0.4375,-0.14500000000000002,18.83937014177019,0.04868054300199015,0.06886483311597373,2,2,0,0,0.044999999999999984,1.1098808627485717,73.65958864940802,0.10066303214212491,0.05207917882407272,0.06629317513015553,0.08534324118194477,0.05207917882407272,20.744600943490287,25.095379416434703,0.13688302852115283,0.8999778046772278,0.10066303214212491,0.12703483013216613,0.2830188679245283,0.9675,0.07597535934291581,0.2287178454568336,0.4358974358974359,0.06437544237181833,0.07653835358741302,0.16555814987150433,0.10515006854907695,0.13688302852115283,0.536135164735506,0.9875,0.08026579407950163,0.22805898669238792,0.4444444444444444,0.0720272680970785,0.06447732756397014,0.1805905075537069,0.05207917882407272,0.05207917882407272,0.016856829488444344,60.985,1715.1404773869344,0.10066303214212491,0.006035754614428135,1.0003613635755415,6.39407318417563,0.10689835504208789,142917.0,568.6618621242048,200,195,5,198,2,0.8374270048589132,0.9115213857686989,0.0884786142313011,20.744600943490287,63.63373140126869,0.5974999999999999,45.82861754546555,0.08059027798044217,249.77623231305256,72.81560341337179,230.96658027894364,70.35210428602662,18.80965203410892,2.463499127345173,18.97028828443807,0.03335952267587562,0.05799745421760991,0.2975,0.4425,-0.14500000000000002,6.801001764450149,0.017575431360170157,0.06522760898423455,2,2,0,0,0.04749999999999997,1,1.0,0.8953797751675525,0.006094182825484765,0.008361204013377926,1.587122552907244,1.2172785931363477,0.0,0.9671865070567411,0.701391339302063,17,142917,1.541237113402062,1.444177569827865,0.8769107084700947,True,True,0.7812924134017676,1.0,1.0,0.9174396329455906,0.013263457016852082,0.01507168496400009,0.025847170035755013,-0.01969092047236287,-0.032649001703628056,0.017124192484780698,0.025847170035755013,0.0036161285494007434
4,16,54,Z_2575336428_Fagaceae_Quercus_helvetica,Z_2575336428_Fagaceae_Quercus_helvetica#16,False,1.5985305232813627,220.03557666886508,0.23577832448244648,0.23033422848755014,0.2339009044570439,0.23305351308571157,0.23033422848755014,55.42576203058829,70.02654090713769,0.27819133625780335,0.8407430656049505,0.23577832448244648,0.27798735764062343,0.5341365461847389,0.0475,0.2692307692307692,0.4275269804822044,0.73224043715847,0.2947871520860122,0.21612840943966974,0.19095125510834704,0.23631383391874858,0.27819133625780335,0.547656863734939,0.0475,0.26742179244692343,0.4322894045035848,0.7377049180327869,0.29693520903004156,0.21811827533431272,0.18782791233655066,0.23033422848755014,0.23069950552312407,0.12535281364783235,172.265,18834.597763819096,0.23577832448244648,0.02180470410079497,1.0,1.4183044823391458e-14,4.618527782440651e-13,147833.0,628.6310954850098,200,183,17,183,17,0.6210509434970867,0.766232481450948,0.23376751854905195,55.42576203058829,154.0984902812055,0.6825000000000001,104.52468854784323,0.16627349378445708,293.8917787975923,91.88408492859936,298.2952761060511,57.76644626928647,-4.403497308458839,34.117638659312895,34.400640346264574,0.05472309688995473,0.1290602822890181,0.4425,0.3925,0.04999999999999999,97.09849028120519,0.2356759472844786,0.054059054993197075,3,4,1,1,0.205,1.0225052671901935,134.8384774461652,0.173219931848501,0.011127420805909371,-0.03416031334212219,0.15372075247069328,0.011127420805909371,32.76129155431201,39.27366597102273,0.21953149456361834,0.8205147390777029,0.173219931848501,0.21264094190483887,0.5277777777777778,0.9175,0.15179747054747056,0.3863750284802917,0.6923076923076923,0.08925347272706122,0.14967079353122834,0.2984081465608948,0.16925730615031445,0.21953149456361834,0.5541374991986544,0.9175,0.11802883898723492,0.42671000654909785,0.6,0.0927473092820996,0.12146081842762052,0.3116626274430883,0.011127420805909371,0.052133150243856244,0.01733305486596362,113.625,5297.26067839196,0.173219931848501,0.015295064198857141,1.009135776575692,36.752859995276644,0.4678833936572704,147833.0,634.8005236601516,200,182,18,185,15,0.753151626887239,0.8591973624374716,0.14080263756252842,32.76129155431201,82.60545690239644,0.3675,69.64451971252277,0.10971087312745796,292.12835835889246,77.49727784165478,304.43689878731016,72.17707192285879,-12.3085404284177,5.320205918795992,13.40912966960887,0.02112337524911623,0.16216590170012865,0.4575,0.4225,0.03500000000000003,24.531087163295467,0.05976705590107182,0.05677202659977505,3,4,1,1,0.20333333333333328,1,1.0,0.8486112153959003,0.009933774834437087,0.009685230024213076,1.572527012405076,1.163398896123743,0.0,0.9899535529753741,0.9670935869216919,17,147833,1.523002421307506,1.4593918920477393,0.7680292257248735,True,True,0.570726070429588,1.0,1.0,1.0,0.06255839263394547,0.07933276061501829,0.21920680768164078,-0.09296488098652356,-0.13210068339015235,0.058659841694185005,0.17856635527926784,0.020228326527247598
4,18,56,Z_2575336428_Fagaceae_Quercus_helvetica,Z_2575336428_Fagaceae_Quercus_helvetica#18,False,0.9714207816785079,76.3956150574102,0.10896176695995825,-0.01449676222706713,-0.024931724766790918,0.09575021964791253,-0.01449676222706713,23.849383108292972,29.717927600491468,0.16161236438362397,0.8273055853199668,0.10896176695995825,0.14241805437718985,0.37,0.9075,0.08710033076074973,0.24742096900419766,0.4262295081967213,0.09509169241108045,0.057935386866308974,0.1796771128924288,0.12108545164962896,0.16161236438362397,0.39661337276935427,0.9275,0.09304721477602884,0.32145679959251505,0.4627659574468085,0.0979699347431045,0.05609906170175594,0.21451411177844232,-0.01449676222706713,0.02117568578959357,0.012546898896879374,58.85,2384.891959798995,0.10896176695995825,0.008456445639007017,1.0,1.4183044823391433e-14,1.1013412404281553e-13,122924.0,529.0347482612909,200,183,17,188,12,0.8051514632894061,0.89205972979379,0.10794027020621,23.849383108292972,82.4037646140145,0.7825,40.502895468900036,0.07655999081726783,250.55671573227863,69.33488446256892,267.9542159252226,70.94530283208226,-17.397500192943994,-1.61041836951334,17.471876266971226,0.03302595212203688,0.05114350219698383,0.4575,0.4025,0.05499999999999999,-5.4037646140145625,-0.01517911408431057,0.07956849400888727,3,4,1,1,0.03333333333333335,1.0045987508357659,73.48203862169312,0.10361442786468089,0.0022941004197715663,-0.005343642438823351,0.09391168526894667,0.0022941004197715663,21.9684271197449,26.760321946281657,0.138416385174162,0.8568906756695377,0.10361442786468089,0.13409307764763334,0.3542600896860987,0.0975,0.08259212198221093,0.22875170080314033,0.4207650273224044,0.09895714268877133,0.059447417165244903,0.15759994051494414,0.1075998642556684,0.138416385174162,0.3354099460973886,0.9225000000000001,0.09278793224325893,0.2507957180690841,0.46808510638297873,0.09540662801838877,0.0555315443522237,0.17612931547044558,0.0022941004197715663,0.03096222055904461,0.01593769320881195,57.72,2078.403618090452,0.10361442786468089,0.007284811524537901,1.0002890762737744,4.954534081069834,0.121869863890266,122924.0,529.2010947135705,200,183,17,188,12,0.8172642875393918,0.8994446136901554,0.10055538630984463,21.9684271197449,69.17699662278838,0.7875000000000001,34.39936988094869,0.06500245412297817,251.50288581243552,70.72336032952973,267.1322691372488,69.4030750271783,-15.629383324813261,1.3202853023514223,15.685049454609826,0.029639109992958997,0.04187952898332663,0.4575,0.41250000000000003,0.044999999999999984,0.14962739401690328,0.0004196088957670803,0.08058622499034641,3,4,1,1,0.02166666666666665,1,1.0,0.8898494966828063,0.011867582760774516,0.01680672268907563,1.609687923913245,1.2281103207944792,0.0,0.9950436809483696,0.9691635370254517,17,122924,1.453781512605042,1.4834472673575172,0.8756590121431438,True,True,0.7541572686136089,1.0,1.0,1.0,0.005347339095277362,0.0018385343789658615,-0.016790862646838697,-0.0073848838963653796,-0.01211282424998572,0.02319597920946198,-0.00978653476945104,-0.02958509034957091
4,20,60,Z_2575336428_Fagaceae_Quercus_helvetica,Z_2575336428_Fagaceae_Quercus_helvetica#20,False,0.7475554840784818,116.49997854077056,0.25263480006168676,-0.144455794520674,-0.22759894014946697,0.16847500989297184,-0.144455794520674,30.45934648787459,38.77342650850074,0.4327904532697355,0.8497555344609584,0.25263480006168676,0.3935196960687395,1.0,0.8625,0.12077381873184483,0.7315057366230078,0.5280898876404494,0.04387096523782936,0.1299632370314445,0.686276529733095,0.28022359917172185,0.4327904532697355,1.0,0.8625,0.12569007544040203,0.9316172069016533,0.5567567567567567,0.04599506677462223,0.1265405783322091,0.7372000618775804,-0.144455794520674,0.144455794520674,0.04401183015377821,91.535,5219.687211055277,0.25263480006168676,0.09154772203697624,0.9999999999999998,1.4183044823391436e-14,4.884981308350689e-14,108663.0,597.2757184855211,200,178,22,185,15,0.7089783281733746,0.8297101449275363,0.17028985507246377,30.45934648787459,101.13801508808041,0.7175,64.71857813899756,0.10835628527324175,227.1104948963854,57.41636345180773,276.6786138761829,62.859695868260225,-49.568118979797504,-5.443332416452492,49.866103587420625,0.08348925302683212,0.33040526690205796,0.2375,0.35250000000000004,-0.11500000000000005,-19.13801508808038,-0.06018243738390056,0.055213158556126025,3,3,0,0,0.06333333333333334,0.6146302322471359,156.73571705262333,0.3316145251243245,-0.23867369757875265,-0.33152176477495005,0.23880253628189907,-0.23867369757875265,48.55805117906988,55.51928967145779,0.4900445763310431,0.8571807953494197,0.3316145251243245,0.45679686123381613,1.0,0.8425,0.22490470139771285,0.8634964887825154,0.7541899441340782,0.10681244830841083,0.20807281496235497,0.7779401993261754,0.3749521718670552,0.4900445763310431,1.0,0.8425,0.24396832887852576,1.0,0.8324324324324325,0.15045025186258515,0.2267629944885063,0.8140177825446973,-0.23867369757875265,0.23867369757875265,0.09745877161499314,129.745,7771.175854271357,0.3316145251243245,0.09924964645828462,1.0020205326162925,15.796459147158144,0.26115584333626196,108663.0,598.7081155989877,200,179,21,185,15,0.5807608432275261,0.7347864741408382,0.26521352585916186,48.55805117906988,120.19851985503969,0.7124999999999999,75.27410624839032,0.12572755285450085,226.43607894860372,51.65766786853596,275.6762844290722,68.46890050460225,-49.24020548046849,-16.811232636066286,52.03090791541792,0.08690529919301782,0.39021476803784855,0.2475,0.35250000000000004,-0.10500000000000004,-48.0585443472464,-0.15054675081249008,0.06368063142287038,4,3,1,1,0.055000000000000014,1,1.0,0.8514512925605215,0.006516587677725118,0.009787928221859706,1.7313057474196023,1.2506332136044989,0.0,0.9628211715642143,0.8681187629699707,17,108663,1.921630094043887,1.630090248254459,0.3152649223477619,True,False,0.0860370994436006,1.0,1.0,1.0,-0.07897972506263773,-0.07032752638892723,0.09421790305807864,0.09492367078669806,0.1282174849458485,-0.057254123061307616,-0.09421790305807864,-0.007425260888461294
4,21,61,Z_2575336428_Fagaceae_Quercus_helvetica,Z_2575336428_Fagaceae_Quercus_helvetica#21,False,1.5121351055775216,160.80427544067354,0.19423192652540386,0.2038644754577344,0.18301995905177249,0.21121501586477684,0.2038644754577344,44.27154019235098,55.734393982578304,0.22304006667224,0.7621497150637857,0.19423192652540386,0.22325210881486132,0.4482758620689655,0.2275,0.19712967960355232,0.33945228682669315,0.7755102040816326,0.28290456129082076,0.1538875168373211,0.14219485525763462,0.19344673904171555,0.22304006667224,0.4476438377773447,0.2275,0.19767341027854923,0.3433565909097345,0.7676767676767676,0.2825232134218435,0.15512730719833503,0.14053841162932385,0.2038644754577344,0.20425795541118655,0.1324028020795834,126.145,9995.431130653269,0.19423192652540386,0.012177593387017991,0.9999999999999998,0.0,0.0,119447.0,564.9289641706662,200,196,4,198,2,0.6573353078870683,0.7932435938085493,0.20675640619145072,44.27154019235098,117.38739782210962,0.20750000000000002,109.8607191151108,0.1944682005752526,234.2440016178479,73.52167287453135,252.80547671945172,47.27204097285198,-18.561475101603804,26.249631901679365,32.14920734514494,0.05690840686906717,0.11937190748723177,0.4225,0.5275000000000001,-0.1050000000000001,70.38739782210962,0.21591226325800497,0.05848592091638774,3,1,2,2,0.09999999999999987,1.5930098773472268,168.28640765076662,0.22443728250191675,0.22869557209473657,0.22103560318972576,0.23209456913945098,0.22869557209473657,48.82097764482196,57.947731303555116,0.2507495658550233,0.7940962342394674,0.22443728250191675,0.25157191425446324,0.46475195822454307,0.2025,0.23282662108550373,0.3696784420289855,0.8367346938775511,0.2869619777937944,0.1677380274310457,0.21734198488480075,0.22653561081911328,0.2507495658550233,0.42953206549813483,0.2125,0.22770504838536773,0.36066748072751664,0.8426395939086294,0.2649671575146857,0.17617989625268807,0.2382319160188119,0.22869557209473657,0.22869557209473657,0.13908773347174896,138.615,9151.956557788946,0.22443728250191675,0.012982571876424208,1.0011145523719491,8.762348119881661,0.2894022448217699,119447.0,565.6298088503459,200,196,4,197,3,0.6271873360987937,0.7708852228440825,0.2291147771559176,48.82097764482196,113.00457233694041,0.2125,107.70820221272531,0.1904217219945399,237.49246837955636,74.25972760257373,246.88936887183615,45.91049957704628,-9.396900492279798,28.349228025527452,29.866042062937623,0.05280139341248822,0.10420464919268102,0.41250000000000003,0.5375000000000001,-0.12500000000000006,78.19488840918739,0.24211476489442862,0.05955962718392735,3,2,1,1,0.31500000000000006,1,1.0,0.8852960169013874,0.006997084548104956,0.009174311926605505,1.6773425271805633,1.2318149289426812,0.0,0.9545354527585647,0.5973389744758606,17,119447,1.801223241590214,1.409981697447372,0.5703612008691081,True,True,0.3209603141709074,1.0,1.0,0.8596327635977005,-0.030205355976512888,-0.02087955327467414,-0.02483109663700217,0.0223583709644668,0.030147971788274552,-0.027709499182783287,-0.024437616683550017,-0.0319465191756817
4,23,65,Z_2575336428_Fagaceae_Quercus_helvetica,Z_2575336428_Fagaceae_Quercus_helvetica#23,False,1.840171431558041,215.53839565144767,0.30354615508136973,0.2958171546346221,0.24889792780311312,0.32110193040245855,0.2958171546346221,61.50618225664834,75.31708625394776,0.3443956208326895,0.766709182381034,0.30354615508136973,0.3458099968247182,0.75,0.6625000000000001,0.31210191082802546,0.5234608865005229,0.8702702702702703,0.35154321208733846,0.37896685140583436,0.17036667410216996,0.3030019880573555,0.3443956208326895,0.7574566165528215,0.6625000000000001,0.31328402693248525,0.5190048524369159,0.8789473684210526,0.350936466114328,0.38127708135938465,0.1717424106788682,0.2958171546346221,0.30845954251854035,0.1766707918514565,174.49,16090.492361809047,0.30354615508136973,0.027593439365528813,1.0,1.4183044823391433e-14,5.062616992290714e-14,108682.0,573.1555823006739,200,185,15,190,10,0.5131754770431343,0.6782762274814553,0.32172377251854467,61.50618225664834,134.3123645132966,0.6725000000000001,103.74717596962267,0.1810104955327776,256.59125341552567,81.69962408805024,278.2150346512139,42.07271545933978,-21.623781235688227,39.62690862871046,45.142882078984165,0.07876200367407829,0.24309659749766094,0.4225,0.3275,0.09499999999999997,91.31236451329659,0.26239185204970283,0.0581829280065802,3,2,1,1,0.027499999999999913,1.0155409665813582,112.41525697164064,0.23779089314015622,0.007710568447396993,-0.09122534657888197,0.1765701772142581,0.007710568447396993,27.532619768344304,35.17704614355417,0.30653412950008313,0.8235186095472588,0.23779089314015622,0.30370557966026923,0.6,0.9475,0.1524966261808367,0.5471158430001589,0.7195767195767195,0.11741736533309524,0.1307771611918255,0.47014075612113304,0.22242162625133563,0.30653412950008313,0.6213363723503154,0.9475,0.11734198007168435,0.5665299618916229,0.5235602094240838,0.11219536368984143,0.0766252047732189,0.4836373738127382,0.007710568447396993,0.08201910159916086,0.02853839642259068,95.95,3448.027638190955,0.23779089314015622,0.03588242435349536,1.0152277645966719,43.39103879837589,0.5955558275433708,108682.0,581.6895619783262,200,189,11,191,9,0.7423905349378097,0.8521517077275761,0.1478482922724239,27.532619768344304,74.69292254771887,0.7725,62.885574636102334,0.10810848044484156,256.82513374303426,65.29476016253045,282.4727894352589,57.502602430034216,-25.647655692224646,7.792157732496236,26.805222711908293,0.04608166359517219,0.38389184093993195,0.4325,0.3025,0.13,11.905347404089838,0.034588819984747936,0.0580893929066997,3,2,1,1,0.04249999999999993,1,1.0,0.8484773410095481,0.024984384759525295,0.04297994269340974,1.6158831088971357,1.1529623126648767,0.0,0.9702751671566683,0.8560594320297241,17,108682,1.6446991404011462,1.6334925683465205,0.6828161907178946,True,True,0.4445243925225978,1.0,1.0,1.0,0.0657552619412135,0.14453175318820044,0.2881065861872251,-0.17387548024612076,-0.22921505789467544,0.037861491332606356,0.22644044091937948,-0.056809427166224724
5,55,75,MNHN_438519931_Platanaceae_Platanus_digitifolia,MNHN_438519931_Platanaceae_Platanus_digitifolia#55,False,1.202847823655129,1506.6235445525201,0.07233460442123056,0.09208435620330267,0.06737034247562775,0.09560164799553122,0.09208435620330267,57.87462731458744,82.92295515264303,0.09803099207800753,0.9493351554146947,0.07233460442123056,0.08651347673396946,0.33306637621732443,0.9975,0.06636010037346629,0.13891586245161328,0.2647058823529412,0.052248433022231276,0.08067448726086801,0.07521156075476643,0.06429949290720235,0.09803099207800753,0.7645689084276379,0.1325,0.04044622559218683,0.13685188263519857,0.20689655172413793,0.031241059045377457,0.06963612605650105,0.0792722988845323,0.09208435620330267,0.09208435620330267,0.022141782807231832,357.695,2152732.4542462314,0.07233460442123056,0.0022656137998221183,1.0,5.673217929356573e-14,1.199040866595169e-13,748303.0,970.7312346830959,200,170,30,174,26,0.7747897236367798,0.87310593848733,0.12689406151267008,57.87462731458744,360.11195586941744,0.1325,145.82551344827718,0.15022233573836044,652.0636712693534,278.45701015892683,634.6226438488304,244.96269213379156,17.441027420523028,33.49431802513527,37.763193422330396,0.0389018011094065,0.12962642367816327,0.6625000000000001,0.7124999999999999,-0.04999999999999982,138.88804413058233,0.1021235618607223,0.030720687440724426,2,3,1,1,0.010000000000000009,1.1183322906375353,585.4532560333063,0.09681495047374628,0.05586106162877872,0.0426546163250973,0.09473836133224109,0.05586106162877872,72.06934535413451,128.5888282832284,0.22599884366992054,0.7588735552926236,0.09681495047374628,0.12152116665778669,0.32450331125827814,0.1575,0.0912106135986733,0.19368113744256168,0.4260355029585799,0.11778370175731585,0.07181251733185359,0.11017742123727478,0.10582763461414889,0.22599884366992054,0.8401814295508552,0.10250000000000001,0.03272729480061763,0.21850133887984544,0.18333333333333332,0.22495074364488662,0.06106173269258129,0.06636141673920538,0.05586106162877872,0.0625575468760649,0.017739862729402395,354.465,218201.08419597987,0.09681495047374628,0.005426367997008456,1.0013838845951377,22.118022617068547,0.18165101134692718,748303.0,972.7586349465857,200,169,31,180,20,0.8205360684535615,0.9014224795343481,0.09857752046565195,72.06934535413451,390.527037277211,0.6525000000000001,121.50717430638987,0.12490989022478514,650.8225608816138,274.00655125976647,635.9909695777865,249.24355901020178,14.831591303827281,24.76299224956469,28.86489019129929,0.029673229467538226,0.13247697234328323,0.6425000000000001,0.7375,-0.09499999999999997,101.6975614981252,0.07490220556167053,0.04710554878433265,2,3,1,1,0.03249999999999997,1,1.0,0.6327072031587406,0.0015745777268823362,0.0029390154298310064,2.7080940429879594,1.3217962282946538,0.004837612571378172,0.9874136658275828,0.9805145859718323,17,748303,0.8339456282145481,0.6665307761166347,0.8833345876447383,True,True,0.7682739828291627,1.0,1.0,1.0,-0.024480346052515714,0.0008632866632901359,0.03622329457452395,-0.028316541047018084,-0.04574634481678175,-0.127967851591913,0.029526809327237766,0.19046160012207114
6,111,84,MNHN_731826796_Fagaceae_Quercus_rosacea,MNHN_731826796_Fagaceae_Quercus_rosacea#111,False,0.5607114681202037,138.72656558857068,0.296080925748989,-0.2814668443545793,-0.296080925748989,0.28229401222370293,-0.2814668443545793,51.24928028602488,56.470579828625425,0.3160670096594623,0.877208409663359,0.296080925748989,0.31452127895608073,0.5517241379310345,0.1125,0.28,0.45397344228804903,0.9689119170984456,0.3632061932764569,0.2836696010311157,0.24465601566709072,0.2968353062811177,0.3160670096594623,0.6974555752463002,0.1075,0.27569775339804137,0.46258903276503294,0.9795918367346939,0.3594307702492686,0.2812911565399877,0.25168082429555605,-0.2814668443545793,0.2818804282891411,0.14872282983318783,122.86,4171.337085427135,0.296080925748989,0.011318364700476835,1.0,7.091522411695729e-15,3.019806626980426e-13,87044.0,482.88188383843396,200,193,7,196,4,0.5560936618393831,0.7147303218008763,0.28526967819912374,51.24928028602488,111.20739115332468,0.3325,86.05831643858012,0.17821815089541468,249.66491138442177,39.680328470408476,240.03060384492133,67.30133955571996,9.63430753950044,-27.621011085311487,29.253036340533527,0.06058010730906031,0.09773265866697724,0.6375,0.4025,0.23499999999999993,-63.207391153324764,-0.21499112637185297,0.045084827947882766,3,1,2,2,0.025000000000000022,1.0677007862793073,54.74404077157622,0.11469838075154125,0.03274206148614494,0.06485862054804341,0.09818023068792794,0.03274206148614494,21.327482938835704,29.343505050818777,0.20803849548860923,0.8468662134261506,0.11469838075154125,0.17493548911898926,0.9636363636363636,0.9975,0.07982583454281568,0.24061388210673174,0.38461538461538464,0.09767485973444633,0.07661254185413015,0.16796888329316836,0.13908175428312333,0.20803849548860923,0.9608820513668485,0.9975,0.07835196186392582,0.39677077773428937,0.4263959390862944,0.15967704184662285,0.04409786334219758,0.21297486470158797,0.03274206148614494,0.03274206148614494,0.01206912595928496,42.73,1176.9418090452264,0.11469838075154125,0.017536638284657336,1.0210693890844498,42.98720914808937,0.7081262221489719,87044.0,492.98283429687604,200,195,5,197,3,0.7966388132569712,0.8868102006688964,0.11318979933110368,21.327482938835704,79.6560824492189,0.6875,54.71186466239237,0.11098127735101765,252.53799395606177,55.6409628124147,245.5411611871309,50.01191283314722,6.996832768930858,5.629049979267478,8.980081985454023,0.01821581069503565,0.13463450820279582,0.6725000000000001,0.4175,0.2550000000000001,16.40880579838128,0.05645097255098322,0.04869893615666999,2,3,1,1,0.05250000000000005,1,1.0,0.8711912614602559,0.010494752623688156,0.014462809917355372,1.556345043821995,1.1822046309535303,0.0,0.9920447398634518,0.9694256782531738,17,87044,1.6406779661016948,1.6053765079320788,0.8529900075398247,True,True,0.7132731567744643,1.0,1.0,1.0,0.18138254499744771,0.18411378153577498,-0.31420890584072425,-0.17207987886802012,-0.24054515141758803,0.10802851417085305,0.24913836680299617,0.030342196237208352
6,113,85,MNHN_731826796_Fagaceae_Quercus_rosacea,MNHN_731826796_Fagaceae_Quercus_rosacea#113,False,0.9546730734310178,108.52637928172118,0.13771242605724718,-0.023189006481488098,-0.017106060004885636,0.13142342625610096,-0.023189006481488098,30.200453947986393,35.08050058897447,0.17823197592841228,0.7506866780991832,0.13771242605724718,0.16419200429210098,0.48424068767908307,0.0675,0.12348178137651822,0.24706873693908274,0.5945945945945946,0.14675590125945745,0.14322958125609442,0.12192304277347574,0.14019722769382925,0.17823197592841228,0.8616974965634275,0.9675,0.11842877767044752,0.24902633886073358,0.5894736842105263,0.15552388651171292,0.14134437876325076,0.12312687562647683,-0.023189006481488098,0.029498988830688095,0.011773673152918815,91.955,3338.947713567839,0.13771242605724718,0.008037749276269778,1.0,1.4183044823391458e-14,1.8474111129762605e-13,139937.0,628.7880869879739,200,185,15,190,10,0.7525428326025044,0.8588010730499381,0.14119892695006192,30.200453947986393,71.39379763402616,0.6475,46.96904775191411,0.07469773795636882,291.61554151850623,65.6470130432275,295.94103337840176,69.86564907891747,-4.325491859895521,-4.218636035689968,6.042083236073829,0.009609093049164892,0.03982708226763347,0.4525,0.3175,0.135,2.606202365973928,0.006968455523994461,0.047897036604971174,3,3,0,0,0.09166666666666672,1.1153218248329655,111.95345014781813,0.1460828389561043,0.0545173899683429,0.07036822606877664,0.13605408147952291,0.0545173899683429,33.03530951577957,38.09833029194702,0.23990067738345205,0.758449469933542,0.1460828389561043,0.1828602569414214,0.6470588235294118,0.9525000000000001,0.11956521739130435,0.3188735279057859,0.654054054054054,0.15994640993630205,0.12372156058151007,0.15694777935146906,0.17225082678624729,0.23990067738345205,1.0,0.9675,0.13188872707076593,0.3875018702288814,0.671875,0.17023092155040404,0.12327548382941181,0.2255782341673467,0.0545173899683429,0.0545173899683429,0.025556089526000986,95.195,3488.931633165829,0.1460828389561043,0.012163425979746732,1.0023537294062743,18.062057010407067,0.2876612714538249,139937.0,630.2875973145101,200,185,15,192,8,0.7373974770972229,0.8488529387405792,0.15114706125942082,33.03530951577957,78.06720586475555,0.7424999999999999,58.19545062876048,0.09233158145062034,296.2568561435683,70.54111606927533,291.72555517005065,64.83114716415837,4.531300973517659,5.709968905116966,7.289474151816764,0.01156531428331336,0.09018563947539632,0.4525,0.3375,0.11499999999999999,24.354760379590573,0.06425911713335324,0.04958444206929003,3,3,0,0,0.10166666666666668,1,1.0,0.8580614902309278,0.013445378151260505,0.021333333333333333,1.6585042311760445,1.212949658316785,0.0,0.9922590851783752,0.9744772911071777,17,139937,1.6533333333333333,1.5625800503816383,0.7818173096851444,True,True,0.5927188285637853,1.0,1.0,1.0,-0.008370412898857121,-0.004630655223421959,-0.07770639644983099,0.009948134309358925,0.01514535550528151,-0.061668701455039776,-0.025018401137654803,-0.007762791834358795
6,114,88,MNHN_731826796_Fagaceae_Quercus_rosacea,MNHN_731826796_Fagaceae_Quercus_rosacea#114,False,2.1524766667209616,429.8657697467897,0.399089087835544,0.36557817505425233,0.38119216052845445,0.3722021287589129,0.36557817505425233,88.98170166113663,103.66675248139563,0.43062368460669426,0.739994809136047,0.399089087835544,0.45254619195209494,1.0,0.2175,0.4284796010706864,0.6040079098118363,0.9468085106382979,0.5082941769595222,0.23359132785420383,0.46829136505357394,0.3762747027838909,0.43062368460669426,1.0,0.2175,0.3447083755383869,0.5996040159903886,0.9470899470899471,0.43489388600863504,0.22924095418078866,0.4757802445522615,0.36557817505425233,0.36557817505425233,0.19901343391546966,360.18,55331.6056281407,0.399089087835544,0.04576941013013868,1.0,2.8366089646782866e-14,1.7985612998927536e-13,193540.0,803.7574453555817,200,188,12,189,11,0.43764960674797676,0.6088404360753221,0.3911595639246779,88.98170166113663,310.85312816537885,0.2475,146.75227949001805,0.18258279327676394,376.47516387010006,109.64157587891007,387.53078688888684,66.60485564385014,-11.055623018786775,43.03672023505993,44.43406451051203,0.055282927414569,0.17859163811277853,0.2525,0.2725,-0.020000000000000018,113.7062563307577,0.22208253189601113,0.05431855169509239,4,3,1,1,0.21333333333333335,1.2918245547555893,281.6168141287022,0.19615754987853695,0.12733285109021392,0.08972090813519788,0.19896662188694844,0.12733285109021392,31.023545029017058,41.25248931011909,0.19129456725395125,0.8372832073979354,0.19615754987853695,0.25896764887873164,0.7871759890859482,0.2125,0.13846153846153847,0.46415862242170947,0.5925925925925926,0.37373058171625345,0.1480318394913793,0.06264414787480797,0.1350779269370206,0.19129456725395125,0.6965004073212256,0.2125,0.09257989223555908,0.3303906448989829,0.43386243386243384,0.23982960340245024,0.10597228407398351,0.05710487379766019,0.12733285109021392,0.14474010540456753,0.09121765526506148,192.54,42448.62150753769,0.19615754987853695,0.028738514423296634,1.0111537669539337,51.880837906012516,0.5094501972278302,193540.0,812.9710584829684,200,189,11,189,11,0.662286387743076,0.796837888617108,0.20316211138289197,31.023545029017058,127.74189836131835,0.2125,94.25610105586564,0.1159402909517477,368.99399419857684,88.04941218995062,406.18889938443107,84.28605997085496,-37.194905185854225,3.763352219095651,37.3848069636538,0.045985409411025184,0.07133264684920237,0.2925,0.2475,0.044999999999999984,41.54449874973457,0.08129537800917826,0.05162346417530033,4,3,1,1,0.21000000000000005,1,1.0,0.7600929818487561,0.006273963053328686,0.01019108280254777,2.1841534797924442,1.248991972549055,0.0,0.9730455524781171,0.9067705273628235,17,193540,1.530214424951267,1.4712384617792267,0.661269201269468,True,True,0.41524449025049565,1.0,1.0,1.0,0.20293153795700702,0.17323550687196446,0.2382453239640384,-0.1879974525417859,-0.22463678099509926,0.239329117352743,0.2208380696496848,-0.0972883982618884
6,115,94,MNHN_731826796_Fagaceae_Quercus_rosacea,MNHN_731826796_Fagaceae_Quercus_rosacea#115,False,0.9880287566596059,73.64302410955162,0.19808019025595017,-0.006021665079185703,-0.054464969114365124,0.1942915260804288,-0.006021665079185703,33.60607671041855,42.36612752533051,0.2663425036433183,0.437641402997491,0.19808019025595017,0.24388599471794767,0.6538461538461539,0.07250000000000001,0.18090452261306533,0.2985781990521327,0.7382198952879581,0.2918770166952884,0.20500817966345822,0.10153560097946315,0.20809830599691845,0.2663425036433183,0.8249772404966078,0.057499999999999996,0.18353789402873563,0.30150307145168215,0.7357512953367875,0.3256059496703194,0.20447762451005302,0.0961605470392443,-0.006021665079185703,0.0615565923510324,0.01751525596112555,60.175,1811.3209798994974,0.19808019025595017,0.020351167261664794,1.0,1.4183044823391433e-14,1.4921397450962104e-13,61943.0,390.39309074817834,200,191,9,193,7,0.6620456722286636,0.7966636336063088,0.20333636639369124,33.60607671041855,104.64722334058615,0.07250000000000001,57.290446562249706,0.14675066726322958,184.9303715629142,52.29542357414411,178.4929488871002,47.00295565899586,6.437422675813991,5.292467915148251,8.333704298807215,0.02134695643008406,0.24396241481360498,0.3375,0.5375000000000001,-0.20000000000000007,32.35277665941376,0.11432076558096736,0.08258823164779146,2,3,1,1,0.12999999999999998,0.8854594709767754,79.12689176253545,0.23081534505226728,-0.06074939864068579,-0.11410240189966399,0.2162794827502704,-0.06074939864068579,38.39239986163535,47.764529069147514,0.31741753530398914,0.3021181308259579,0.23081534505226728,0.2895362306788008,0.781021897810219,0.052500000000000005,0.2009132420091324,0.39156626506024095,0.8795811518324608,0.3537037920063119,0.2019106351705139,0.14349527611475166,0.24379980854782632,0.31741753530398914,0.8974118072418641,0.0475,0.19971815782314425,0.46186032076040356,0.8865979381443299,0.4024988414994399,0.19076182471835518,0.13979619642035487,-0.06074939864068579,0.08039649355052225,0.04235736887138176,66.985,1782.9897236180902,0.23081534505226728,0.030716323813375215,1.0012231361042454,8.256352510525032,0.16975122660392628,61943.0,390.8666528627569,200,191,9,194,6,0.6344785333898865,0.7763681448590046,0.22363185514099532,38.39239986163535,114.16237551848772,0.052500000000000005,64.74990015043652,0.16565726361202737,185.83654795162533,49.305600923956504,178.1004086781441,49.721316764199265,7.736139273481228,-0.4157158402427612,7.747300853750771,0.019820828400193665,0.27881119718310354,0.3425,0.5475000000000001,-0.20500000000000007,18.127788452112668,0.06418994083472061,0.08297416837729592,2,3,1,1,0.14499999999999996,1,1.0,0.8243599220482495,0.009083402146985962,0.02464788732394366,1.6978330440154674,1.1971211022820063,0.0,0.9760850667953491,0.9133846163749695,17,61943,1.3838028169014085,1.3005636791216546,0.5888815702670229,True,True,0.3245707812795298,1.0,1.0,1.0,-0.03273515479631711,-0.021987956669841602,0.05472773356150009,0.020295488747304136,0.02756713883877715,-0.051075031660670844,-0.018839901199489854,0.1355232721715331
6,116,97,MNHN_731826796_Fagaceae_Quercus_rosacea,MNHN_731826796_Fagaceae_Quercus_rosacea#116,False,0.9332459818308875,93.00131719497311,0.11184655521588412,-0.03452950053768785,-0.014182914004852639,0.11839073188805249,-0.03452950053768785,24.92071814491817,34.48599221860298,0.14750126477431955,0.7641325183051726,0.11184655521588412,0.14452518601952272,0.35283363802559414,0.6425000000000001,0.09576592363176983,0.2483492220709009,0.4897959183673469,0.0946944542052857,0.18430373388323382,0.05481319388235928,0.11494308666772288,0.14750126477431955,0.35846382179714453,0.0025,0.09832988077016148,0.24945621029375317,0.47474747474747475,0.10634294457040377,0.1848197168054607,0.05285619330510265,-0.03452950053768785,0.05487127120252307,0.02275967160375568,65.505,4380.241180904523,0.11184655521588412,0.008420840954575869,1.0,0.0,0.0,110659.0,541.0644523155249,200,196,4,198,2,0.7769363166953528,0.8744672607516466,0.12553273924835334,24.92071814491817,74.0953024153028,0.47750000000000004,63.686600016497536,0.11770612492457427,235.97354971055782,57.28682716146821,235.0788363398769,65.90900690296935,0.8947133706809325,-8.622179741501142,8.668477115989171,0.01602115437244452,0.1086610945336029,0.2575,0.4425,-0.185,-25.095302415302797,-0.0725297757667711,0.06417079697703774,3,3,0,0,0.1433333333333333,0.8212475312705727,106.72157701233617,0.14168792335175967,-0.09814836570003344,-0.09032617220922319,0.14313340984465792,-0.09814836570003344,31.56247112106118,41.98420324600361,0.18013390924789607,0.7519169555919129,0.14168792335175967,0.17146987363114133,0.3830227743271222,0.6475,0.1268636571286183,0.2858332711767485,0.5714285714285714,0.11035551639809177,0.19732254004290595,0.11662626955998515,0.15143362004151206,0.18013390924789607,0.3226987499874322,0.5375000000000001,0.13943485234316721,0.2993965699978983,0.6111111111111112,0.11986953626787056,0.20133083077911823,0.13330404625923475,-0.09814836570003344,0.09814836570003344,0.051379304891603944,79.195,5143.363793969849,0.14168792335175967,0.00937427788775235,1.0013102635445235,11.702675254581473,0.19175143145407492,110659.0,541.759493322683,200,196,4,198,2,0.7305163848045365,0.8442756060781812,0.1557243939218188,31.56247112106118,88.6665784278201,0.4825,73.73690893723698,0.1361063531808159,232.43945219884932,54.267607695699205,237.65945487090968,68.90337316622406,-5.22000267206036,-14.635765470524852,15.538792063880797,0.028682085418714708,0.07419516121561304,0.2725,0.4475,-0.175,-39.58002773354846,-0.11303401832447084,0.06330490419136618,3,3,0,0,0.14666666666666664,1,1.0,0.8503028543783261,0.012353304508956145,0.02033271719038817,1.6371113343988237,1.1710937621976478,0.0,0.9763560645720538,0.9215641021728516,17,110659,1.559077809798271,1.3900523774011013,0.779996429891771,True,True,0.5897891877752119,1.0,1.0,1.0,-0.029841368135875554,-0.024742677956605424,0.06361886516234558,0.030191654673465407,0.04641993189081628,-0.03263264447357653,-0.04327709449751037,0.012215562713259742
6,117,100,MNHN_731826796_Fagaceae_Quercus_rosacea,MNHN_731826796_Fagaceae_Quercus_rosacea#117,False,0.8691615897882217,143.11706746576385,0.1516108763089987,-0.06999844792798386,-0.08019784005499815,0.14148067670339903,-0.06999844792798386,33.275460037853655,40.1485502079874,0.1966384363912442,0.7722084160830105,0.1516108763089987,0.19530806796979747,0.9127272727272727,0.9975,0.11885120391991731,0.3351157574301049,0.576530612244898,0.0991592688820995,0.12465660350930824,0.22942731388628834,0.15870274661997638,0.1966384363912442,0.778172372781419,0.9924999999999999,0.12693159972714801,0.3293015512893207,0.6142131979695431,0.10588429026370752,0.12492253415456137,0.24450113579989868,-0.06999844792798386,0.06999844792798386,0.025639934812975326,113.945,7536.715552763819,0.1516108763089987,0.015237124027624904,1.0,1.4183044823391433e-14,1.199040866595169e-13,161075.0,717.4251305639359,200,196,4,197,3,0.7323402438445846,0.8454923868988936,0.15450761310110636,33.275460037853655,78.90506728403835,0.5225,65.42516174209585,0.09119441033612531,306.1815914006822,67.4926065448967,328.48523686192044,73.58016926720052,-22.30364546123826,-6.087562722303815,23.119494388039655,0.03222565450121109,0.03776227804717069,0.3125,0.2275,0.08499999999999999,-0.905067284038438,-0.0022514111543244725,0.04749293457351072,4,4,0,0,0.16000000000000003,0.8036706082594285,165.20007566584223,0.18580951121661185,-0.10884991463603912,-0.1355544268218439,0.1643520099332609,-0.10884991463603912,38.010795439803786,46.35740651449397,0.25264444385089996,0.7403139243389556,0.18580951121661185,0.2466063283184196,0.9936908517350158,0.9975,0.12937831619679857,0.3938376250351504,0.6224489795918368,0.10727876606670106,0.1424463720389672,0.30532367599417,0.19102107117425182,0.25264444385089996,0.9608260393905307,0.9975,0.13319125906229856,0.42985520120669307,0.6414141414141414,0.1021393736449147,0.144391509161723,0.32318318210311464,-0.10884991463603912,0.10884991463603912,0.039574313208132865,132.365,9819.670125628141,0.18580951121661185,0.026424324691254615,1.000372898144508,6.820780387422978,0.15274782920257102,161075.0,717.7990688623892,200,196,4,198,2,0.703291020216267,0.825802533881697,0.17419746611830303,38.010795439803786,90.58126979252745,0.7224999999999999,77.87919402931412,0.10849720681964901,300.41609298316274,66.48515646368905,332.1099243222222,75.23953334044941,-31.693831339059443,-8.754376876760361,32.880663914360106,0.045807615725207536,0.09069241055732662,0.3125,0.2425,0.07,-4.81334143526675,-0.01199111303905273,0.04722983973125224,4,4,0,0,0.16000000000000006,1,1.0,0.7892545163446902,0.012646793134598013,0.020804438280166437,1.8605478930461508,1.2429254265387562,0.0,0.9763589045580696,0.9163746237754822,17,161075,1.7890818858560793,1.7670100494164416,0.7141184746759521,True,True,0.4889470395682945,1.0,1.0,1.0,-0.03419863490761316,-0.022871333229861873,0.038851466708055254,0.019689853017196612,0.029049223628317633,-0.056006007459655754,-0.038851466708055254,0.0318944917440549
6,118,101,MNHN_731826796_Fagaceae_Quercus_rosacea,MNHN_731826796_Fagaceae_Quercus_rosacea#118,False,1.006156033153431,73.7759784753818,0.07849766457604841,0.0030685714628858984,-0.016752651174674827,0.06255442060446655,0.0030685714628858984,16.050430700579245,18.305723105510282,0.1001609923568578,0.9682247478459383,0.07849766457604841,0.1050657896288803,0.40094899169632264,0.9975,0.05086333040678958,0.17237048665620094,0.29081632653061223,0.07181214332556368,0.038032255836688525,0.1246454976443811,0.07582758711633711,0.1001609923568578,0.3292279538312585,0.0775,0.0483722687084858,0.16123301914702612,0.27918781725888325,0.06490572927172261,0.03890925545693,0.12262771833389234,0.0030685714628858984,0.03005518624607421,0.014768671146420699,52.085,2743.7666080402005,0.07849766457604841,0.004901946738787075,1.0,1.4183044823391433e-14,4.796163466380676e-14,166527.0,601.7036975860632,200,196,4,197,3,0.8862014464294267,0.9396678685693972,0.060332131430602814,16.050430700579245,53.33492852066388,0.0775,32.23168450081896,0.05356736983689348,286.4485651060163,83.57604793590279,302.0656382873403,77.90782968723936,-15.617073181323974,5.668218248663436,16.61389998962645,0.02761143076946128,0.10145319928173878,0.5575000000000001,0.5375000000000001,0.020000000000000018,13.334928520663937,0.030033622794288145,0.02653368151705819,3,3,0,0,0.013333333333333345,0.9199073059939818,77.3550580117422,0.08280534456964604,-0.041716958811484024,-0.06875817697863214,0.05914356230521177,-0.041716958811484024,17.016023474344124,21.99239846037415,0.1328808257982356,0.9764645262013774,0.08280534456964604,0.1223229310140187,0.4126702190645352,0.9975,0.030106001497418922,0.20964912280701753,0.37244897959183676,0.06614105920762241,0.01911888771301178,0.16121065994793482,0.09144669635007091,0.1328808257982356,0.40894056607966806,0.0125,0.039789215699062075,0.2325592175270487,0.3838383838383838,0.09705043113179254,0.015361131778004702,0.1609601963641674,-0.041716958811484024,0.041716958811484024,0.009998393653881955,49.245,3576.6180653266333,0.08280534456964604,0.008147744487498785,1.0009654215012078,11.26818064564525,0.1544846094455481,166527.0,602.298194272304,200,196,4,198,2,0.8835143139190523,0.9381551362683438,0.06184486373165619,17.016023474344124,61.611823740723395,0.2475,40.87077545371975,0.06785804082162288,287.6566234254886,79.35318611902639,301.293349622913,81.91985224821904,-13.636726197424423,-2.5666661291926545,13.876169370624819,0.0230387032579269,0.12666950311351852,0.5525,0.5475000000000001,0.004999999999999893,-5.3401047126063474,-0.012021526187124865,0.025964121635853106,3,3,0,0,0.014999999999999977,1,1.0,0.8749590592610593,0.015033407572383074,0.038202247191011236,1.4740161305914405,1.1314521271003566,0.0019516354705242994,0.9675879162900588,0.8335013389587402,17,166527,1.404494382022472,1.339774305762854,0.9290543062015965,True,True,0.8581969927732016,1.0,1.0,0.9908340771993002,-0.0043076799935976295,0.0034108582992547765,0.04478553027436992,0.001512732301053421,0.002687132510374335,-0.0327198334413778,-0.011661772565409814,-0.008239778355439098
6,120,103,MNHN_731826796_Fagaceae_Quercus_rosacea,MNHN_731826796_Fagaceae_Quercus_rosacea#120,False,0.9326623318785072,38.88817300928394,0.08464889417540043,-0.03484192091436999,-0.04789871469592515,0.08099056748701877,-0.03484192091436999,12.505826408792974,18.069667429065028,0.12543514176813086,0.8700005704560262,0.08464889417540043,0.13241173028310702,0.9096045197740112,0.9975,0.06476362943194816,0.1525837722311274,0.27040816326530615,0.039241936658279665,0.07939790593293633,0.13251760384079206,0.08371239764188121,0.12543514176813086,0.7158506966079315,0.9975,0.063512034311618,0.15857930641036075,0.2676767676767677,0.040866505229065646,0.08175138045011561,0.1272110564700833,-0.03484192091436999,0.03484192091436999,0.009822871539619627,26.36,821.5481407035176,0.08464889417540043,0.010420597344429927,1.0,7.0915224116957165e-15,6.750155989720952e-14,65094.0,423.65456598816814,200,196,4,198,2,0.8516030534351146,0.9198548812664907,0.08014511873350924,12.505826408792974,69.63402786431732,0.4825,29.70963963506119,0.07012703749755154,209.20320694431942,45.089155488145025,218.86476994137695,46.69883157415267,-9.66156299705753,-1.6096760860076458,9.794736170411952,0.023119628482147644,0.05858283934691353,0.5375000000000001,0.4975,0.04000000000000009,-12.634027864317318,-0.047856166152717115,0.06002577076791488,2,3,1,1,0.02250000000000002,1.0093221385356217,30.555195957479967,0.07362435331069764,0.004639444495652441,-0.0063285548085942125,0.06977601622269333,0.004639444495652441,9.902295324132307,13.678130461465374,0.09806890844417106,0.9206418191147457,0.07362435331069764,0.10825707846419706,0.8217821782178217,0.9975,0.06526315789473684,0.1408379127693232,0.23857868020304568,0.07366881402638598,0.05901744787116299,0.08797077529883542,0.06782883670328536,0.09806890844417106,0.6256063853180098,0.9975,0.05218923337246831,0.13713952466315946,0.17676767676767677,0.0630972363239878,0.061200898577560024,0.07894820895630347,0.004639444495652441,0.02066242664454481,0.009193474052908102,22.71,419.97577889447234,0.07362435331069764,0.0063311876455378726,1.0010019151157115,6.669212575483187,0.26105422955887736,65094.0,424.12400238437783,200,197,3,198,2,0.8810799979962931,0.9367809970174691,0.06321900298253089,9.902295324132307,53.14608294448294,0.47250000000000003,23.356367497278512,0.05506966680963968,211.7063138628977,46.53357624680217,216.82639237871962,45.0697553011874,-5.120078515821916,1.4638209456147706,5.325220724909126,0.01255581078875831,0.03941858636075265,0.5325,0.5125,0.020000000000000018,-3.310338991908793,-0.012512899365478183,0.058703473926431715,2,3,1,1,0.0050000000000000044,1,1.0,0.843521742545226,0.016079632465543645,0.02558139534883721,1.7716802284115476,1.2037868155620617,0.016698927704550344,0.9937673140974606,0.9793312549591064,17,65094,1.6226415094339623,1.5833530702922003,0.9367155614158859,True,True,0.8702948971684882,1.0,1.0,1.0,0.011024540864702795,0.01121455126432544,-0.03948136541002243,-0.016926115750978354,-0.029476944561178553,0.027366233323959807,0.014179494269825177,-0.05064124865871955
6,123,109,MNHN_731826796_Fagaceae_Quercus_rosacea,MNHN_731826796_Fagaceae_Quercus_rosacea#123,False,6.478585933173343,332.9636541726439,0.7370932787608712,0.7325697641410464,0.7370932787608712,0.7325697641410464,0.7325697641410464,125.56359511135946,138.67133693567192,0.7532336964812297,-0.015559685951609434,0.7370932787608712,0.766588987243053,1.0,0.0175,0.7358490566037735,1.0,1.0,0.5503599705984606,0.7793005781954043,0.8819080634633341,0.7232884466628001,0.7532336964812297,1.0,0.0075,0.7242858480867767,1.0,1.0,0.5733839585300272,0.7816455770682245,0.8162442252782619,0.7325697641410464,0.7325697641410464,0.34159661454154994,296.775,22903.91394472362,0.7370932787608712,0.04458560626139336,1.0000000000000002,0.0,0.0,81023.0,499.9320693026457,200,191,9,197,3,0.15113253012048192,0.2625805911412543,0.7374194088587457,125.56359511135946,222.42858480867767,0.6325000000000001,192.44678834648894,0.3849458759765754,254.7502327668813,86.20721108914897,189.19639215753608,21.347952019825193,65.55384060934523,64.85925906932377,92.21729504630407,0.18445965103806564,0.2463955792312258,0.6325000000000001,0.2925,0.3400000000000001,150.85716961735534,0.5131196245488276,0.0727518670732139,4,5,1,1,0.07750000000000001,1.4355367180689573,136.73176295213926,0.24753134360922183,0.1788257655233699,0.15950584722525518,0.24404181528701727,0.1788257655233699,34.189075541543225,42.231137416294004,0.2953851588176414,0.41055959754320803,0.24753134360922183,0.31911495071277274,0.7958236658932715,0.7424999999999999,0.2038369304556355,0.5305861065219102,0.6984126984126984,0.09792262447735094,0.23976646673223148,0.40799400688885057,0.23917629813156982,0.2953851588176414,0.7612868808130471,0.7424999999999999,0.19642096027375983,0.48706040240458615,0.765625,0.15391922031076663,0.18326932058723816,0.3830025905226252,0.1788257655233699,0.18194833565777618,0.06429479900768918,98.865,8966.117361809043,0.24753134360922183,0.040778344134000166,1.0623456444381003,78.9210930743944,1.1071694447987657,81023.0,530.339307566546,200,189,11,192,8,0.6291283161884137,0.772349617813227,0.22765038218677303,34.189075541543225,107.17429952566815,0.7424999999999999,63.73021187202602,0.12016875038822059,273.7602167517824,52.61138048803685,232.04765314620397,43.06480723163155,41.71256360557845,9.546573256405303,42.79106242533996,0.08068619809021155,0.13320974430106025,0.6025,0.2375,0.36500000000000005,22.055894217615446,0.08004342301507182,0.07774604924264936,4,4,0,0,0.16374999999999998,4,0.9908544487367784,0.786107263012072,0.004928806133625411,0.013559322033898305,2.0319283868505598,1.2544752239591195,0.00020981696555299112,0.9690902127939112,0.8345017433166504,17,81023,1.7118644067796611,1.7820241414230675,0.5073431916977313,False,False,0.29292522367198653,0.7136228205468834,1.0,0.9913898573981391,0.48956193515164936,0.48852794885402906,0.5537439986176764,-0.5097690266719727,-0.4779957860679318,0.45784853766358835,0.5506214284832702,-0.4261192834948175
6,125,111,MNHN_731826796_Fagaceae_Quercus_rosacea,MNHN_731826796_Fagaceae_Quercus_rosacea#125,False,0.7727627710400587,66.50966095237594,0.15698383291355084,-0.12818253670039778,-0.14969632063696156,0.13841848171134635,-0.12818253670039778,23.44427630375696,28.837942903558133,0.1894712414359136,0.8775651655870121,0.15698383291355084,0.19187988613428958,0.6095617529880478,0.7575000000000001,0.14712153518123666,0.27722846441947563,0.6923076923076923,0.18403177633550583,0.08162057480044922,0.20652859957842268,0.15382722548597286,0.1894712414359136,0.6028845908795851,0.7575000000000001,0.14082202401618094,0.28793003523237826,0.6649746192893401,0.1860376536132277,0.07923894120019576,0.1965340816459278,-0.12818253670039778,0.12818253670039778,0.0673472382383809,53.415,1578.2640954773872,0.15698383291355084,0.012236719313413734,1.0,0.0,0.0,77179.0,449.37549398017,200,195,5,197,3,0.7620208898909493,0.8649396772340314,0.13506032276596855,23.44427630375696,80.36057385994815,0.2225,54.04980354894755,0.12027759473535657,213.38776590332543,47.96253624275131,213.36615449771446,55.823363923726355,0.02161140561096886,-7.860827680975042,7.86085738853186,0.01749284839479641,0.11575134912291882,0.4825,0.5325,-0.04999999999999999,-2.360573859948147,-0.008084157054616941,0.06502766382300172,3,3,0,0,0.055000000000000014,0.9401458019105078,38.61262746822599,0.08657263491425243,-0.03085036084945387,-0.03534509941280266,0.07884269036914186,-0.03085036084945387,14.533963963870622,17.933083076136406,0.11307586832633675,0.9044478700983708,0.08657263491425243,0.11533960605148359,0.4430379746835443,0.9975,0.08768427007420718,0.1624633431085044,0.37755102040816324,0.09908545095197963,0.06542617180006333,0.09563769693156088,0.09145872778560882,0.11307586832633675,0.3926679387617613,0.7625,0.07838872263535214,0.16672561220364548,0.41624365482233505,0.10139566387171062,0.07827666863489176,0.09495204113541197,-0.03085036084945387,0.03595537646250923,0.021579218440249293,30.425,568.0948492462312,0.08657263491425243,0.005838190293284817,1.0028219402166745,14.285033886665262,0.2790097436764958,77179.0,450.65959901568783,200,196,4,197,3,0.8421593302172685,0.9143175798131884,0.08568242018681166,14.533963963870622,48.265442188311226,0.2175,36.59435647613576,0.0812017685988796,216.25111804205858,52.09518567155434,211.42672464571731,51.5599565692352,4.824393396341264,0.5352291023191427,4.8539923603803246,0.010770862023092851,0.05766707448113634,0.47250000000000003,0.3125,0.16000000000000003,20.38741768399106,0.06947512760561436,0.05461204540911787,3,3,0,0,0.07333333333333335,1,1.0,0.8543292808801951,0.011363636363636364,0.020477815699658702,1.4916663436002817,1.1395763735105804,0.0,0.9874060434453628,0.9546410441398621,17,77179,1.5392491467576792,1.43596901769375,0.9047296218380659,True,True,0.8083556364459106,1.0,1.0,1.0,0.0704111979992984,0.05957579134220449,-0.09733217585094392,-0.049377902579156974,-0.08013844032631923,0.07639537310957685,0.09222716023788854,-0.026882704511358657
6,127,118,MNHN_731826796_Fagaceae_Quercus_rosacea,MNHN_731826796_Fagaceae_Quercus_rosacea#127,False,0.6256815790312809,78.0846015549801,0.2798308767540195,-0.23025322166212267,-0.2793807159823153,0.24013886981935154,-0.23025322166212267,42.51099162855348,47.83443121061383,0.32590769242551776,0.35065739890586306,0.2798308767540195,0.3187426619158757,0.6850393700787402,0.9775,0.21870444606413994,0.5217725691265335,0.995,0.1882267179709248,0.2083695802601057,0.4418297455161934,0.2834407527024104,0.32590769242551776,0.7106767782228882,0.9275,0.21631880538933612,0.522342208799818,1.0,0.188038156059241,0.2071377595989375,0.4540074918057173,-0.23025322166212267,0.23025322166212267,0.09131529137163369,61.215,2361.737462311557,0.2798308767540195,0.02340860798019596,1.0,7.00809273626403e-15,3.668176873361517e-13,50983.0,278.6384987538934,200,200,0,200,0,0.584239607086476,0.7375647023002186,0.2624352976997813,42.51099162855348,116.55099162855366,0.9275,109.56248216584783,0.39320654775210573,103.4549358735887,35.95251356295294,127.75502613554174,50.28216014258258,-24.300090261953045,-14.329646579629646,28.210515022525854,0.10124413944478902,0.1509544376791466,0.0025,0.9375,-0.935,-45.550991628553476,-0.19058992313202275,0.10331833250849118,1,2,1,1,0.09499999999999997,0.6488680465717982,65.26066962574012,0.26295189729839485,-0.21295333738697214,-0.2562217774781463,0.2189945668163898,-0.21295333738697214,39.267645206649334,44.28957175155695,0.30144257343907965,0.4256320810377611,0.26295189729839485,0.31080635098118475,0.6872037914691943,0.9225000000000001,0.20445983716125896,0.5222301510967701,0.895,0.17248297586506384,0.18667450272169317,0.42855974473265585,0.2613607888822107,0.30144257343907965,0.6820805977344895,0.9225000000000001,0.20457979238347695,0.5660151684865979,0.985,0.19178390941573134,0.17986869063104927,0.4112134666259535,-0.21295333738697214,0.21295333738697214,0.08504643704764334,55.825,1148.2657035175878,0.26295189729839485,0.027594861826546548,1.0004123250295438,2.796188692356258,0.16854530330918283,50983.0,278.7664346124202,200,200,0,200,0,0.6102016502669549,0.7579195440096459,0.24208045599035405,39.267645206649334,112.00621064604044,0.9125000000000001,104.21713614803548,0.37385109255686616,104.98504275537856,36.26000689748086,126.91415909377926,49.753555310464854,-21.929116338400704,-13.493548412983998,25.748048317428946,0.09236423442882374,0.14039267700624727,0.0025,0.9125000000000001,-0.9100000000000001,-43.22039618749737,-0.1815795504871069,0.1008398115144956,1,2,1,1,0.07499999999999996,1,1.0,0.7517099404038219,0.005917159763313609,0.008333333333333333,1.749937274936703,1.1878042901859887,0.0,0.9459226026254541,0.5886127948760986,17,50983,1.5208333333333333,0.9911872513597231,0.49815804702576877,True,False,0.24156574557931287,1.0,1.0,0.8517645916907616,0.016878979455624665,0.021144303002961745,-0.01729988427515053,-0.02035484170942725,-0.0259620431804789,0.024465118986438106,0.01729988427515053,-0.07497468213189806
7,61,122,MNHN_438777132_Platanaceae_Platanus_macrophylla,MNHN_438777132_Platanaceae_Platanus_macrophylla#61,False,0.9591825228810693,530.2671355081324,0.05809866164511029,-0.02083393284812828,-0.04321604691198221,0.035887800012402354,-0.02083393284812828,83.23105841635774,103.2533457547658,0.09454077074527797,0.944583310794824,0.05809866164511029,0.07463548598520299,0.19682171825856645,0.2175,0.04257686826973098,0.1255689221268317,0.19680851063829788,0.11075877828162643,0.04773989500888271,0.02507436586873163,0.0712120714550341,0.09454077074527797,0.32132816756125565,0.0625,0.04534074867339943,0.16132106167909585,0.27918781725888325,0.13559619820660143,0.05511137096999137,0.025571207573131242,-0.02083393284812828,0.02083393284812828,0.011434657818571354,442.725,85605.8385678392,0.05809866164511029,0.0022067392580713972,1.0,0.0,0.0,2467273.0,1208.8484956985108,200,188,12,197,3,0.8993895744587413,0.9470301264710642,0.05296987352893575,83.23105841635774,286.8097403010529,0.5075000000000001,118.33142230762795,0.09788771936987217,875.4730512751654,417.4578816950217,862.4406859910073,422.53350461462804,13.032365284158118,-5.07562291960636,13.98586761419409,0.011569578540206243,0.03146305653881368,0.5075000000000001,0.6174999999999999,-0.10999999999999988,0.8097403010528978,0.0003722943912886887,0.029766768728708985,1,1,0,0,0.08999999999999986,0.9556868362041838,1192.6738678280833,0.06988014535172442,-0.022658619455568962,-0.05192839989682249,0.05074144612290574,-0.022658619455568962,90.44283250001408,114.34619335534788,0.10592905272542634,0.9317383425693329,0.06988014535172442,0.08207822520063465,0.20317407836005952,0.2225,0.06274104389624652,0.12623670107163917,0.23404255319148937,0.11277923276300261,0.046582988936697566,0.057613914243835926,0.07761044050805188,0.10592905272542634,0.35738750485715237,0.057499999999999996,0.05078136915320741,0.16436286370415631,0.29441624365482233,0.15038217010894764,0.0609728289983619,0.02448643551077139,-0.022658619455568962,0.028423283519902337,0.011906417530609706,625.965,1035817.863090452,0.06988014535172442,0.0018635126389791308,1.000062287743347,3.6246229035905477,0.07343018093914289,2467273.0,1209.5611547691508,200,188,12,197,3,0.8943794629167214,0.9442453113798766,0.05575468862012349,90.44283250001408,285.5191988902907,0.4975,139.16443874189767,0.11505366073735868,875.8431423701971,415.4742729769209,862.6315821255589,424.5089153175757,13.211560244638235,-9.034642340654841,16.005314314978595,0.013232331620333217,0.022738340523350452,0.4975,0.6275,-0.12999999999999995,-2.5114115045103063,-0.0011556441146466027,0.030998631128383785,1,1,0,0,0.11499999999999999,1,1.0,0.83191994320546,0.0013468838006611976,0.003676470588235294,1.7409534875774095,1.3149910259840116,0.0,0.972396969795227,0.9149922132492065,17,2467273,0.8423713235294118,0.5559458125156922,0.9465737216956933,True,True,0.8898733336976034,1.0,1.0,1.0,-0.01178148370661413,-0.014853646110503382,0.0018246866074406835,0.0027848150911876646,0.005010111542019913,-0.011388281980148365,-0.007589350671774058,0.012844968225491193
8,63,174,A_1998416685_Fagaceae_Quercus_ganderi,A_1998416685_Fagaceae_Quercus_ganderi#63,False,0.9503939893714495,57.97150161933017,0.09448293346423098,-0.025433841007958057,-0.012538334364342056,0.08684336624918963,-0.025433841007958057,18.923974729241902,23.13132153387412,0.11552805448077276,0.9040720159221846,0.09448293346423098,0.11621540750934417,0.37327188940092165,0.1125,0.07470402063064119,0.15864085570000808,0.4550561797752809,0.14469250601694714,0.10534029833810975,0.04562909652350642,0.09328908847553671,0.11552805448077276,0.427003155759877,0.10250000000000001,0.08109093759730165,0.1535739589931739,0.4340659340659341,0.13858419428482474,0.10523117319577378,0.045624042509239245,-0.025433841007958057,0.02875048152358761,0.013937054297069519,46.215,1231.023894472362,0.09448293346423098,0.004604866261734916,1.0,1.4183044823391433e-14,1.7053025658242404e-13,106433.0,507.0073544540195,200,178,22,182,18,0.8215851149476697,0.9020551476907211,0.09794485230927885,18.923974729241902,51.89022090319139,0.2375,37.34739404237585,0.07366243056295328,284.2316144735669,62.66253906158748,283.2406049627432,66.6968723228224,0.9910095108236874,-4.03433326123492,4.154268252442226,0.008193704126670568,0.059508488498806265,0.5775,0.4175,0.16000000000000003,-5.109779096808495,-0.015344681972397883,0.05237520277539836,3,2,1,1,0.07500000000000001,1.0097245038614777,64.35289426280686,0.10968303196366408,0.0048387248315841895,0.02446945811522079,0.09905762310561574,0.0048387248315841895,19.509687707969647,24.69787923752428,0.1299393884011945,0.8754492513351798,0.10968303196366408,0.13415519499168302,0.49206349206349204,0.1175,0.10289110381972388,0.18156504050060068,0.5168539325842697,0.15932047415098632,0.0978667872727893,0.08464045266063697,0.10187782058314743,0.1299393884011945,0.41478961437988543,0.10250000000000001,0.10247161727605494,0.18978085281736676,0.521978021978022,0.14649130956977083,0.09693801523991194,0.0718891931113897,0.0048387248315841895,0.015305403399321639,0.0054306230210555,52.715,1369.2701256281407,0.10968303196366408,0.006000962112811032,1.0004472758199028,5.773080811264185,0.1581798239672938,106433.0,507.24099589319286,200,178,22,182,18,0.815456570155902,0.8983487499079913,0.10165125009200873,19.509687707969647,53.888530072440204,0.2325,36.47718678238618,0.07191293108742929,285.11263333355305,64.2875404790839,282.6422795763881,65.0505312593127,2.4703537571649576,-0.7629907802288045,2.585498523738349,0.005097179732457517,0.08127761541588263,0.5725,0.4275,0.14500000000000002,3.002814463471452,0.008964796049404766,0.05446859911680679,3,2,1,1,0.08499999999999996,1,1.0,0.857454067496136,0.010702341137123745,0.021912350597609563,1.5469655063767391,1.1966087112881958,0.0,0.9924278399523567,0.9690388441085815,17,106433,1.5029940119760479,1.5008947821622003,0.8694078703856484,True,True,0.7427626904036203,1.0,1.0,1.0,-0.015200098499433101,-0.012214256856426103,-0.030272565839542246,0.0037063977827298533,0.0061285447917677205,-0.014411333920421751,0.01344507812426597,0.028622764587004745
8,65,175,A_1998416685_Fagaceae_Quercus_ganderi,A_1998416685_Fagaceae_Quercus_ganderi#65,False,0.5256894361030083,146.0780613233897,0.37529682885493165,-0.310882773828794,-0.37529682885493165,0.31285335585427076,-0.310882773828794,63.438812831033786,66.2228903241519,0.4516870214636576,0.897746868305204,0.37529682885493165,0.42934379578123655,0.8867924528301887,0.1675,0.26640926640926643,0.7185623921794135,0.994535519125683,0.6000354277395237,0.2105665118600455,0.34299850860894415,0.39123563352201524,0.4516870214636576,0.8964229651561587,0.1625,0.27689699650979493,0.7721059067994699,1.0,0.6209112030303464,0.20907496787565735,0.3554730306694842,-0.310882773828794,0.310882773828794,0.15384111009454104,133.36,3571.769246231156,0.37529682885493165,0.04372733239885066,1.0,7.0915224116957165e-15,6.572520305780927e-14,85254.0,440.076345612877,200,183,17,190,10,0.5209928589864923,0.6850694346239783,0.3149305653760217,63.438812831033786,94.12441134139667,0.1625,79.5115757255823,0.1806767769234442,248.05761452318293,46.80133475483361,235.90342824364,74.83622632246373,12.154186279542927,-28.03489156763012,30.55616777880708,0.06943378821293543,0.2857040141813788,0.6375,0.6975,-0.06000000000000005,-61.124411341396595,-0.20511547429998858,0.03574650315396318,2,2,0,0,0.06500000000000003,0.7788674206067687,66.51488555203264,0.15727332019539725,-0.12431088277382879,-0.157035224957302,0.1387383583174983,-0.12431088277382879,19.394510390132883,23.69265336120277,0.21915687091087577,0.9143679464010553,0.15727332019539725,0.1948420687758077,0.5546218487394958,0.1575,0.11940298507462686,0.3215570519324785,0.6914285714285714,0.2781599568255163,0.09507472339002158,0.1269676901000465,0.14480223140871165,0.21915687091087577,0.6354326731163098,0.0625,0.07645723394873195,0.47570911877061994,0.4371584699453552,0.3223540705162756,0.02617543765625954,0.11015412317327324,-0.12431088277382879,0.12431088277382879,0.06114246838858002,59.14,931.3471356783919,0.15727332019539725,0.013304560580009842,1.0109064023730336,27.932911905833496,0.49054997103794173,85254.0,444.92718509942756,200,175,25,183,17,0.8193185515734672,0.9006872940034237,0.09931270599657631,19.394510390132883,52.62096432615396,0.1575,47.79470893102282,0.10742141755249719,244.99809406959292,55.782059298808456,241.78134357057232,64.63717759915589,3.2167504990206055,-8.855118300347435,9.421284619737234,0.021174890937787644,0.040801511607721504,0.6725000000000001,0.6625000000000001,0.010000000000000009,-19.369423068074553,-0.06469990132722449,0.043824839828367754,2,2,0,0,0.030000000000000054,1,1.0,0.8464128140225906,0.010744435917114352,0.013377926421404682,1.4923011132183213,1.1616851542556366,0.027048584230651936,0.9884552289457882,0.935356855392456,17,85254,1.4782608695652173,1.3958818532418493,0.8276945805528363,True,True,0.6690737434811328,1.0,1.0,1.0,0.2180235086595344,0.17411499753677245,-0.1865718910549652,-0.21561785937944544,-0.29832569258697494,0.2325301505527818,0.1865718910549652,-0.016621078095851338
8,69,178,A_1998416685_Fagaceae_Quercus_ganderi,A_1998416685_Fagaceae_Quercus_ganderi#69,False,0.9775927548933684,28.75352152345865,0.0909226334448182,-0.011330565937393821,-0.0004998396915484038,0.06891406792430532,-0.011330565937393821,11.717844109234804,14.419775068278348,0.12590788736031497,0.9198090302127624,0.0909226334448182,0.12738860966726456,0.44680851063829785,0.0475,0.06346829167527371,0.21440292250568935,0.3229166666666667,0.12444511221305565,0.049769904520217144,0.10160038167102158,0.08839077618166405,0.12590788736031497,0.4625692966659035,0.037500000000000006,0.06333849200681622,0.19226941905394662,0.31443298969072164,0.11351072215206252,0.05081194544152168,0.10237208191931084,-0.011330565937393821,0.017357777022734996,0.007695219594345058,23.325,284.13002512562815,0.0909226334448182,0.00800261287581278,1.0,1.4183044823391433e-14,1.4210854715202004e-13,67693.0,405.4257497116867,200,192,8,194,6,0.864928802147309,0.9275730002683384,0.0724269997316615,11.717844109234804,32.89047975663402,0.6525000000000001,24.1945906625533,0.0596769955528453,221.42000292338008,48.42010764271348,230.75945780218055,50.457856820485226,-9.339454878800467,-2.037749177771744,9.559175651940876,0.023578116729731056,0.010175711430623994,0.6625000000000001,0.6775,-0.014999999999999902,-2.109520243365978,-0.00796045374855086,0.05627167880339752,2,2,0,0,0.030000000000000082,0.9105046285843306,32.894908420605155,0.08857757367422721,-0.046843839097100146,-0.04420095147274832,0.07916623579986114,-0.046843839097100146,14.346434190029225,17.334401185613352,0.11951036145967701,0.9184436031648164,0.08857757367422721,0.11855097808090947,0.391304347826087,0.9924999999999999,0.054480593607305935,0.21763818406254287,0.3020833333333333,0.0670405893329123,0.06844678882615186,0.12828743519622524,0.09123636003722067,0.11951036145967701,0.4008192859410254,0.9924999999999999,0.0639800008354284,0.2016316199871009,0.3247422680412371,0.07140442996017436,0.07846252711418908,0.12264018788111394,-0.046843839097100146,0.046843839097100146,0.013723317034257606,26.795,365.9326381909548,0.08857757367422721,0.006240852284911041,1.0004550606757876,5.007709203297561,0.1327389828167549,67693.0,405.6417252310772,200,192,8,194,6,0.844929596844471,0.9159477936606588,0.08405220633934121,14.346434190029225,33.20126013621061,0.2925,33.169709746202685,0.08177095126815981,222.9876171094203,47.00852219249329,229.49336524213197,51.761162307371514,-6.505748132711659,-4.752640114878226,8.05681989545695,0.01986191112580274,0.03949619426986809,0.6525000000000001,0.6875,-0.03499999999999992,-7.352359073359054,-0.02777300770851989,0.0567373254013354,2,2,0,0,0.03500000000000003,1,1.0,0.8862840062552374,0.03286384976525822,0.06766917293233082,1.3590289369397948,1.1247406830867699,0.0,0.9828417231054867,0.8698298335075378,17,67693,1.5075187969924813,1.4908763285394686,0.9047163521423767,True,True,0.8083304422805314,1.0,1.0,1.0,0.0023450597705909904,-0.010252167875555815,0.03551327315970632,0.011625206607679628,0.019999205302838052,0.006397525900637954,-0.02948606207436515,0.0013654270479459552
8,71,188,A_1998416685_Fagaceae_Quercus_ganderi,A_1998416685_Fagaceae_Quercus_ganderi#71,False,1.0174777326963245,149.61624243376787,0.21246135095855515,0.008663160149463313,-0.02060289648703684,0.1822119618249756,0.008663160149463313,32.850206467051414,40.08100824347699,0.2813404490629628,0.6101534137020542,0.21246135095855515,0.2844244734117488,0.9908727895037079,0.9975,0.168141592920354,0.4172960851205955,0.616580310880829,0.295675689537897,0.057985708268666995,0.2901110838357509,0.21257536776118185,0.2813404490629628,0.6747716461819554,0.9624999999999999,0.1801083053685384,0.46858745261703744,0.5867346938775511,0.3360588530618603,0.0498931029654951,0.25671820212793683,0.008663160149463313,0.06876978365899516,0.039413689697027396,76.56,16606.619497487438,0.21246135095855515,0.03594369217141841,1.0,0.0,0.0,84034.0,441.0866706783766,200,193,7,196,4,0.6584519264144394,0.7940560904143993,0.20594390958560066,32.850206467051414,79.92396766474292,0.9425000000000001,75.05369195271113,0.17015633647981485,266.8955575342717,58.560023048057744,229.02433567990587,58.89784619187648,37.871221854365814,-0.33782314381873846,37.87272856844479,0.08586232839500182,0.12437747341005057,0.5475000000000001,0.4475,0.10000000000000009,-6.076032335257082,-0.019288991540498672,0.0784395058067415,4,3,1,1,0.08499999999999996,0.9899123845607388,118.38597889953016,0.2005659556706296,-0.005069376680867268,-0.027529112294475338,0.1714782112002285,-0.005069376680867268,29.88812065977949,36.131649448608364,0.25334988304600875,0.6923114814270734,0.2005659556706296,0.2671008747255321,0.9459459459459459,0.9975,0.14979757085020243,0.3973124914301386,0.5803108808290155,0.2738405046936959,0.059294019650929224,0.2741103562066929,0.19287406941479948,0.25334988304600875,0.6591411914353374,0.9775,0.1764101705077587,0.4038627692318957,0.576530612244898,0.3083051362678023,0.03847266914562698,0.23643131129578765,-0.005069376680867268,0.0736011614346574,0.04160018563914605,72.05,8868.379396984927,0.2005659556706296,0.031278238114993695,1.0008873306170154,4.954308100937314,0.2770237083409526,84034.0,441.5902267207292,200,193,7,196,4,0.6849880223582646,0.8130479425005924,0.18695205749940763,29.88812065977949,78.11579676350416,0.9775,71.81653623188629,0.16263162517250307,265.31245727173547,57.128428361700664,230.89944441375334,59.912707518552246,34.413012857982125,-2.784279156851582,34.52546399958907,0.0781843933820204,0.12286440971969831,0.5625,0.4525,0.10999999999999999,-10.058907862499069,-0.03212434814123343,0.08044895012252948,4,3,1,1,0.0783333333333333,3,0.9993455030106861,0.7751584850644421,0.01272264631043257,0.017130620985010708,1.8171163622005984,1.2121026527033607,0.0,0.9898284077644348,0.9535087943077087,17,84034,1.4778481012658229,1.3663781968865076,0.6359615188718104,True,True,0.4421801424394778,0.791965152454774,1.0,1.0,0.011895395287925548,0.010733750624747102,0.013732536830330582,-0.01899185208619314,-0.026536095943825222,0.027990566016954044,-0.004831377775662241,-0.08215806772501921
8,72,198,A_1998416685_Fagaceae_Quercus_ganderi,A_1998416685_Fagaceae_Quercus_ganderi#72,False,1.8630381898648847,844.5765684649319,0.23879644371148387,0.30144138241677243,0.23184104131262614,0.3070513083002334,0.30144138241677243,42.13087988180288,57.260182139170254,0.328094114721619,0.39703209961685065,0.23879644371148387,0.32325971552041516,0.9645598562796015,0.0025,0.15677966101694915,0.6167437680086706,0.6666666666666666,0.2596637042145684,0.09791839002055094,0.3662133000001114,0.24513779246331027,0.328094114721619,0.7760244502964557,0.0025,0.16034906393689696,0.6102562557610351,0.675,0.255916585549104,0.09755322646044448,0.3797408106639216,0.30144138241677243,0.30144138241677243,0.22596295196756888,149.97,694290.0292462315,0.23879644371148387,0.04771780886119656,1.0,1.4183044823391433e-14,9.992007221626409e-14,97684.0,435.10194100909933,200,195,5,200,0,0.6468241130162838,0.7855412219239081,0.21445877807609193,42.13087988180288,183.91779472026002,0.0025,148.738187110199,0.3418467561078713,151.787065372244,74.04047527250322,189.1228791413143,45.91239136462742,-37.33581376907031,28.128083907875798,46.7456104262978,0.10743599607458475,0.4841117533758421,0.0025,0.28250000000000003,-0.28,85.91779472026005,0.2564710290157016,0.05826121248702263,1,2,1,1,0.07000000000000006,2.4278696003088043,1102.0156487092186,0.35263453784677146,0.4165472339380042,0.35263453784677146,0.4165472339380042,0.4165472339380042,67.89472889224629,75.17161729706416,0.4516950850063581,0.4477359433112374,0.35263453784677146,0.4242703752952885,0.9768632656931538,0.0025,0.26848249027237353,0.7523441647597254,0.8781725888324873,0.2960724657466423,0.22440997259095827,0.5440795399966516,0.3927024642371714,0.4516950850063581,0.8410399114026075,0.8875,0.3161738928876821,0.7697418064976834,0.995,0.3397430130696091,0.26292847812662334,0.5734989763494527,0.4165472339380042,0.4165472339380042,0.28838637852667787,203.45,1178941.2939698491,0.35263453784677146,0.055938184244629444,1.0052904892952073,19.362860956239683,0.35635558078635854,97684.0,437.39120157648085,200,197,3,200,0,0.4794247274414289,0.6481231772711593,0.3518768227288407,67.89472889224629,174.9195428678798,0.0025,152.33739325242365,0.34828636859487994,155.58575702092992,76.31665248646652,186.1712294273937,38.828200532929394,-30.585472406463794,37.48845195353713,48.38238473038736,0.1106158161298253,0.5467350094751775,0.0025,0.2975,-0.295,89.69061449651598,0.2932094030953922,0.04524878265082965,1,2,1,1,0.04499999999999993,1,1.0,0.8161932415940748,0.009900990099009901,0.011904761904761904,1.5315391797188378,1.1437420799356075,0.0,0.9448472226367277,0.38897907733917236,17,97684,1.5922619047619047,1.1056866938908168,0.0,True,False,0.0,1.0,1.0,0.7400603930674867,-0.11383809413528759,-0.10949592563777077,-0.11510585152123176,0.13741804465274876,0.16739938557485495,-0.1236009702847391,-0.11510585152123176,-0.05070384369438674
8,74,207,A_1998416685_Fagaceae_Quercus_ganderi,A_1998416685_Fagaceae_Quercus_ganderi#74,False,1.2681726683068664,87.74571214595048,0.14323656585239578,0.1182329158860073,0.14303632462406607,0.1185780495020215,0.1182329158860073,26.837772907484176,33.40199948465777,0.1905590329709811,0.9155760366795748,0.14323656585239578,0.17949560529431463,0.6972477064220184,0.9924999999999999,0.13357400722021662,0.29583577712609976,0.6203208556149733,0.23246837471981735,0.10355523268004065,0.11040746600962964,0.14676080442328282,0.1905590329709811,0.6281489841380405,0.9924999999999999,0.13212224884702847,0.2801205125585407,0.5863874345549738,0.23604824315693512,0.10288402794739428,0.11268909995845904,0.1182329158860073,0.1182329158860073,0.05827108602044506,72.15,2506.218592964824,0.14323656585239578,0.011764872278283526,1.0,1.4183044823391433e-14,2.0250467969162855e-13,121692.0,578.1030831547343,200,187,13,191,9,0.7682552669257516,0.8689415847310584,0.13105841526894157,26.837772907484176,122.36747177862941,0.3925,51.677494939985515,0.08939148820653077,331.5283517265589,68.71728968120179,341.8063029801709,56.24914638907199,-10.277951253612002,12.468143292129803,16.158306814908112,0.027950563291812093,0.07120780082404757,0.5275000000000001,0.5925,-0.06499999999999995,41.36747177862932,0.1175212266438333,0.0625284324883486,4,4,0,0,0.15250000000000008,1.0753803124360461,59.564334966488126,0.06700733831673059,0.036321204351970546,0.04107073811784745,0.06567399664727344,0.036321204351970546,13.524803753972096,21.81020028568196,0.10092148077165929,0.9028822587907562,0.06700733831673059,0.09638607346202939,0.5260663507109005,0.9924999999999999,0.051261730969760166,0.11739288307915759,0.1595744680851064,0.059987497937183394,0.051618929841583124,0.0879286245888922,0.0634741063534727,0.10092148077165929,0.4714047349829961,0.1475,0.039338322838464064,0.12485051098887462,0.1518324607329843,0.051810962934911914,0.044014619704044876,0.09273960541524526,0.036321204351970546,0.03733195279886928,0.016740089734740164,39.96,1960.9129648241205,0.06700733831673059,0.004825961778595549,1.0013455447943949,12.881559447052858,0.17336983387938587,121692.0,578.9421308933888,200,188,12,191,9,0.8805886546491496,0.9365032086864694,0.06349679131353064,13.524803753972096,95.615642420154,0.3925,38.642331193716295,0.06674644862015097,335.76897217299506,64.22890606910656,337.4550725135282,60.53835213018845,-1.6861003405331303,3.6905539389181072,4.0574773855697455,0.00700843343238553,0.010557821457300557,0.5225,0.4025,0.11999999999999994,15.25488188004664,0.043253861245274715,0.06145938745546812,4,3,1,1,0.11500000000000003,1,1.0,0.7735237649562651,0.0073277967757694185,0.0169971671388102,2.010960343878066,1.2584530115049861,0.0,0.9859956993776209,0.956554651260376,17,121692,1.7960339943342776,1.5734798584025678,0.9416847168365933,True,True,0.8801348836732574,1.0,1.0,1.0,0.07622922753566519,0.05290405285474806,0.08191171153403676,-0.06756162395541099,-0.11233338772339796,0.0896375521993218,0.08090096308713803,0.012693777888818536
9,76,131,A_1998857721_Platanaceae_Platanus_kerrii,A_1998857721_Platanaceae_Platanus_kerrii#76,False,1.207873565459248,193.5596032233999,0.1172649612482071,0.09415102780851915,0.11319883721263889,0.09568155595846382,0.09415102780851915,27.28280170838309,30.287507632563084,0.1234510917603147,0.9885460831350851,0.1172649612482071,0.16043561666352926,0.6045197740112994,0.1075,0.08259015122140365,0.30202208972343336,0.2702702702702703,0.2049075828380009,0.07377460593321526,0.07892244086473423,0.09804035880542497,0.1234510917603147,0.6106851180427763,0.1075,0.08534494466604133,0.1557029947562929,0.3105263157894737,0.12821859751229725,0.08016809062729,0.08754348799015038,0.09415102780851915,0.09415102780851915,0.05458148885069109,162.54,11101.576281407037,0.1172649612482071,0.012053670935694172,1.0,0.0,0.0,339752.0,1118.7738080314587,200,185,15,190,10,0.8182279883651138,0.9000279322515934,0.0999720677484066,27.28280170838309,65.95399274861984,0.1075,48.770952497542254,0.04359321977992791,561.3532752682439,101.68106911332104,580.2323661420933,88.53681290812729,-18.87909087384935,13.144256205193756,23.004163610330117,0.02056194330363092,0.07384206503401278,0.4825,0.4925,-0.010000000000000009,38.95399274861984,0.08341326070368274,0.01502211695506861,1,2,1,1,0.014999999999999958,1.0873133869877742,120.65889938168672,0.07748285675309852,0.04183051166733382,0.054883437419643494,0.052667828298288165,0.04183051166733382,9.273795548281377,11.109201080504434,0.08752978692943589,0.9924543764078543,0.07748285675309852,0.1185094099676125,0.41710296684118675,0.1075,0.03489310481609652,0.22361601403122838,0.24731182795698925,0.15506896340545612,0.03368569267437595,0.049827652436813134,0.05022362846868889,0.08752978692943589,0.39359208019052794,0.1075,0.021378060872433297,0.16817482502509917,0.14814814814814814,0.07332326648476475,0.023917902472650483,0.055499434868009984,0.04183051166733382,0.04183051166733382,0.024852598365866868,89.47,6586.622211055275,0.07748285675309852,0.008084351415170742,1.000600188796234,15.536128757821132,0.1641432732373309,339752.0,1121.26881266062,200,186,14,189,11,0.9108409321175278,0.953340402969247,0.04665959703075292,9.273795548281377,41.39457401806257,0.1075,31.565233563229953,0.028151352473926305,567.3079182644813,95.78826962555704,576.3524800483101,93.99244104918536,-9.04456178382884,1.795828576371676,9.221122390317257,0.008223828475561338,0.05025288378577001,0.4875,0.4975,-0.010000000000000009,12.216488503740692,0.026164710973300354,0.015064660233072855,1,2,1,1,0.014999999999999958,1,1.0,0.9655437550374105,0.01018483591097699,0.013623978201634877,1.5938195738686933,1.1736499140320664,0.0004238385646000612,0.9943668667007896,0.9702829718589783,17,339752,2.3525641025641026,2.340249807839078,0.9485903795819154,True,True,0.8939068619545968,1.0,1.0,1.0,0.03978210449510858,0.04301372766017566,0.05232051614118533,-0.05331247071765366,-0.09261294375241402,0.03592130483087881,0.05232051614118533,-0.003908293272769203
9,79,139,A_1998857721_Platanaceae_Platanus_kerrii,A_1998857721_Platanaceae_Platanus_kerrii#79,False,0.742656644384656,127.39438763148084,0.17208441877612835,-0.1476730120328516,-0.17027100866620754,0.15072897434264979,-0.1476730120328516,23.476200004092593,31.593195483249982,0.24064952183699811,0.8238051437126077,0.17208441877612835,0.24772341699720252,0.9611650485436893,0.07250000000000001,0.09210526315789473,0.3784602044205011,0.48663101604278075,0.37718396273680455,0.08521050407088868,0.059127855258537726,0.16721062084196409,0.24064952183699811,0.9692499766433422,0.07250000000000001,0.08916866006570905,0.37212726536638663,0.47643979057591623,0.366357584801038,0.08363387962015054,0.05382039811967436,-0.1476730120328516,0.1481186732030305,0.10244301903609854,94.7,7297.728643216081,0.17208441877612835,0.03192456373542001,1.0,7.0915224116957165e-15,1.865174681370263e-14,125656.0,794.5340900123251,200,187,13,191,9,0.7429480088495575,0.8525188417294725,0.14748115827052757,23.476200004092593,74.4009987854538,0.2375,71.40265838561336,0.08986733141243283,413.6481383674274,42.623235434537335,369.8213123456041,53.41419866879269,43.82682602182331,-10.790963234255358,45.13574599660694,0.056807815503431426,0.133637376469254,0.4425,0.3125,0.13,-28.400998785453808,-0.11545121457501548,0.021891469011342778,2,1,1,1,0.135,1.0390425963488843,62.61924624266887,0.09078582094620449,0.019147513847329215,0.010389622440564614,0.08411854587126759,0.019147513847329215,12.066484643159294,14.406733016007248,0.10888215969042585,0.9282987251213272,0.09078582094620449,0.11504631446265473,0.4576271186440678,0.0675,0.07490304565903097,0.1580851669195752,0.30319148936170215,0.1337452391267144,0.07431485847352125,0.06451248087962912,0.08292608425237416,0.10888215969042585,0.4408032261485489,0.07250000000000001,0.07536346475039483,0.1379202605044702,0.2513089005235602,0.1103978237526702,0.07283324301202725,0.06575524446760393,0.019147513847329215,0.0304641242758006,0.013970801235118098,52.85,1133.7160804020102,0.09078582094620449,0.005020292872053382,1.0020497478572825,19.86633029784536,0.26348305223299073,125656.0,796.5052305676304,200,188,12,191,9,0.8574758879188189,0.9232700068904419,0.07672999310955803,12.066484643159294,34.534626716755284,0.6174999999999999,33.68540071627652,0.04229149969582821,402.1466097408163,49.060881444658754,378.1040100398983,45.9241947205148,24.042599700918004,3.1366867241439564,24.246348260800087,0.030440915301360793,0.053267274991728286,0.4525,0.3575,0.09500000000000003,10.844819296277805,0.04451526933792164,0.02136208003035095,2,3,1,1,0.20250000000000007,1,1.0,0.9537663250724073,0.0330188679245283,0.040455120101137804,1.5877676236435505,1.1620263910716566,0.028092570191634303,0.984868652680341,0.9565904140472412,17,125656,3.2024291497975708,3.1301166628774135,0.9100243950404379,True,True,0.8184416053588803,1.0,1.0,1.0,0.08129859782992385,0.0666104284713822,-0.16682052588018081,-0.07075116516096946,-0.11452787906926143,0.13176736214657225,0.11765454892722989,-0.10449358140871945
9,87,141,A_1998857721_Platanaceae_Platanus_kerrii,A_1998857721_Platanaceae_Platanus_kerrii#87,False,1.1568861743804497,548.93423558747,0.25283769826318947,0.07273734527299015,0.1946913830284528,0.1413017564742223,0.07273734527299015,52.24419314792925,71.89884250480038,0.4125679201271269,0.7976340387935472,0.25283769826318947,0.4148125823312076,1.0,0.0325,0.08712984054669703,0.8485951834602878,0.48677248677248675,0.42504335120466,0.0729849911019802,0.2748656634762556,0.2483798414639385,0.4125679201271269,1.0,0.0325,0.07550552383300581,0.8536327776869783,0.4619289340101523,0.430186977584299,0.07149410716942893,0.2489589720868424,0.07273734527299015,0.07273734527299015,0.05049838948413753,411.925,132308.13002512566,0.25283769826318947,0.10871780326958302,1.0,2.836608964678287e-14,1.865174681370263e-14,583043.0,1550.9179175623217,200,189,11,197,3,0.7506362334976937,0.8575582055650198,0.14244179443498012,52.24419314792925,187.9887428624263,0.1175,156.30506897579141,0.10078229621685346,759.9023825112066,112.67168575812416,804.730942659317,119.01246312905775,-44.82856014811034,-6.340777370933594,45.27477512501294,0.02919224454906952,0.42106713266919543,0.4375,0.5275000000000001,-0.09000000000000008,1.97748572485267,0.003543881227334534,0.011145278952670782,2,1,1,1,0.07000000000000006,1.0574744687308117,511.826860373701,0.2253802578818225,0.027934474815751155,0.1424283512666501,0.12790651804412367,0.027934474815751155,43.59814665471973,60.60479335662131,0.36352475033905424,0.8600417892707092,0.2253802578818225,0.37627415383540164,1.0,0.10250000000000001,0.04599029350589323,0.7461290250705407,0.44385026737967914,0.3256487531876996,0.09257678978694064,0.2704445066672255,0.21243837881145175,0.36352475033905424,1.0,0.10250000000000001,0.043875854031891925,0.737372487700057,0.4020618556701031,0.32346128525010936,0.07959273912937566,0.24222069114367423,0.027934474815751155,0.040696826820663314,0.022043181206188908,372.875,123548.7129396985,0.2253802578818225,0.0912740748586689,1.001411996920991,25.83747280993449,0.33084948327510744,583043.0,1553.9716177911473,200,187,13,194,6,0.7801526091237283,0.8765008181043026,0.12349918189569746,43.59814665471973,158.52216850043004,0.1175,138.54504218291802,0.08915545213100436,775.6984067715084,106.46998372187538,792.58568118972,122.90978722958148,-16.887274418211632,-16.439803507706102,23.567926863599414,0.015166253098688786,0.38657885972478234,0.4925,0.4925,0.0,-9.297803196232394,-0.01670737809973873,0.012535383411301408,2,1,1,1,0.0,1,1.0,0.9105290243140167,0.037383177570093455,0.06258064516129032,1.5315808009576495,1.1254867740929777,0.03068384321568049,0.9857543671832365,0.9412392377853394,17,583043,2.7728085867620753,2.7464712615042255,0.7247578046628809,True,True,0.5045566264586215,1.0,1.0,1.0,0.027457440381366965,0.013395238430098627,0.044802870457239,-0.018942612539282755,-0.029516375626034597,0.04904316978807266,0.03204051845232684,-0.06240775047716196
9,105,142,A_1998857721_Platanaceae_Platanus_kerrii,A_1998857721_Platanaceae_Platanus_kerrii#105,False,1.0404442521275061,33.92034787557463,0.038659144091201754,0.019821297291183624,0.02919859875520034,0.037493637957360174,0.019821297291183624,3.71264333485731,6.023735062216464,0.05893111537395421,0.9779096054204952,0.038659144091201754,0.06918563794429064,0.30386740331491713,0.6825000000000001,0.023137884463471193,0.05203931924882629,0.078125,0.022627809895770568,0.03810918587303084,0.05747942601481482,0.031569004320603444,0.05893111537395421,0.29191711937919285,0.6825000000000001,0.020713112909991668,0.045928111183985806,0.05102040816326531,0.015772069853920573,0.026595416485535383,0.053579344104448604,0.019821297291183624,0.019821297291183624,0.008487318328337951,13.26,979.660703517588,0.038659144091201754,0.0033093593223648206,1.0,0.0,0.0,70732.0,498.84426037921025,200,192,8,196,4,0.9373056559374737,0.967638382786743,0.032361617213256984,3.71264333485731,26.272540744127355,0.6825000000000001,24.7798465246791,0.04967451465882762,198.4051509658793,39.907446239199835,193.19192045932522,39.976206189309465,5.213230506554083,-0.0687599501096301,5.2136839418212935,0.010451526369889406,0.017486555072690275,0.2025,0.2125,-0.009999999999999981,2.2725407441273546,0.01171412754704822,0.03301704533730629,2,2,0,0,0.305,1.010517040447969,53.37124694065148,0.08417117561606169,0.00523101283718826,0.014951897224011046,0.09019962676016513,0.00523101283718826,3.323032465285723,5.649370741349474,0.056186881228423205,0.9785360853091974,0.08417117561606169,0.1168667663327302,0.3953488372093023,0.6825000000000001,0.05585254482681813,0.1865044328239889,0.390625,0.06558164803738877,0.1268881114415506,0.05749627024807557,0.0292450150808217,0.056186881228423205,0.28031717742630335,0.6825000000000001,0.015838543194626534,0.05060766198261052,0.05102040816326531,0.01661955237847712,0.01941064256740187,0.052974770429120036,0.00523101283718826,0.00705479839393768,0.004822428320986258,31.9,1840.0804020100502,0.08417117561606169,0.0066074681651726724,1.0000159770624848,1.1403284230741162,0.025996691631824387,70732.0,498.8936314043355,200,192,8,196,4,0.9425210644865271,0.9704101352802234,0.02958986471977668,3.323032465285723,25.22971290738643,0.6825000000000001,23.78648873473106,0.04767847740965239,198.43645552307845,39.66727482425938,193.29653276482247,40.19100800726202,5.139922758255977,-0.5237331830026406,5.1665367905218496,0.010355988662309773,0.01741904743719942,0.20750000000000002,0.28250000000000003,-0.07500000000000001,-0.037597768508376816,-0.00019369596102736022,0.03239143892007096,2,2,0,0,0.3075,1,1.0,0.9474829674489024,0.02734375,0.038817005545286505,1.6207416451239434,1.1885436440985084,0.020174744104507154,0.9555702980826882,0.6507934331893921,17,70732,2.7743589743589743,2.5696995138101193,0.937688590187007,True,True,0.9114357224729605,1.0,1.0,0.8893296851052179,-0.045512031524859935,-0.05270598880280496,0.014590284453995364,-0.002771752493480384,-0.005215408549053335,0.002744234145531002,0.012766498897245944,-0.000626479888702236
10,180,148,US_1321818753_Rubiaceae_Posoqueria_mutisii,US_1321818753_Rubiaceae_Posoqueria_mutisii#180,False,0.9241498346590401,155.24535419779878,0.04916736976344147,-0.03942009295466355,-0.04916736976344147,0.03942009295466355,-0.03942009295466355,17.960240040477373,20.52162979477047,0.07948887213203842,0.9956161297686953,0.04916736976344147,0.06743368731317813,0.25755395683453236,0.9775,0.026843566800370255,0.11200515796260478,0.1443850267379679,0.05019193359051124,0.01640652827505917,0.08254500208507934,0.052429154544188686,0.07948887213203842,0.4510681805690393,0.9875,0.025405359431156616,0.11463391176964301,0.14659685863874344,0.05429148157949082,0.015252070384145996,0.08845912273564545,-0.03942009295466355,0.03942009295466355,0.016323537096226366,135.79,5690.649145728644,0.04916736976344147,0.002141322859579278,1.0,2.8366089646782866e-14,7.993605777301127e-14,688938.0,1475.7364934740392,200,187,13,191,9,0.9266508747870175,0.9619292077392636,0.0380707922607364,17.960240040477373,41.31943173698755,0.8875,35.52922019435411,0.024075585547603136,747.9755634371,132.05735627028358,756.8249086021759,137.42043230874748,-8.849345165075874,-5.363076038463902,10.347632311065048,0.007011842803118348,0.06866262055476337,0.47750000000000004,0.4875,-0.009999999999999953,-10.319431736987326,-0.01587604882613435,0.0015735455219615749,1,1,0,0,0.0,1.0321755674527675,114.38041790446475,0.026567379965843314,0.01583306480408977,0.010545470060672336,0.027877690009841236,0.01583306480408977,16.099444372995162,18.688562936268912,0.044849787477824976,0.9979455567408635,0.026567379965843314,0.03293633151127782,0.15353805073431243,0.0475,0.027449005288340468,0.03864617669479772,0.0106951871657754,0.02919965492009967,0.03218067554069602,0.018263420358110818,0.033993126011447106,0.044849787477824976,0.24644587995932343,0.9875,0.03607376901818666,0.0436003199732436,0.02617801047120419,0.03548396955721291,0.0422200074512776,0.024263513891835394,0.01583306480408977,0.019411035535853733,0.010222792181589635,96.03,3880.521708542714,0.026567379965843314,0.00038101376191953265,1.000402938716717,17.963144172105608,0.0955140522982596,688938.0,1476.408159808905,200,187,13,191,9,0.9343078172415267,0.966038402898999,0.03396159710100095,16.099444372995162,28.330153190452393,0.5375000000000001,28.330153190452393,0.01918856449162353,750.1351082954438,139.25444775458539,755.3339951680915,130.15627971002863,-5.198886872647677,9.098168044556758,10.478792224373096,0.007097490050264549,0.047045335831080906,0.5025,0.4875,0.014999999999999958,26.339458685831346,0.040504073940614053,0.0015769128716808902,1,1,0,0,0.0,1,1.0,0.9945100932828398,0.012226512226512226,0.013013698630136987,1.2931349301831265,1.145864332190403,0.01068310936542911,0.9916311572579777,0.958173394203186,17,688938,2.2427035330261136,2.1819988314756316,0.9965280907491809,True,True,0.9926365992368208,1.0,1.0,1.0,0.02259998979759816,0.011542402944822318,-0.05525315775875332,-0.0041091951597354015,-0.007656942454509208,0.03463908465421345,0.02000905741880982,-0.0023294269721682026
10,186,149,US_1321818753_Rubiaceae_Posoqueria_mutisii,US_1321818753_Rubiaceae_Posoqueria_mutisii#186,False,0.7592665558299778,209.78198206709746,0.22536692153425486,-0.1368373902023336,-0.15506554767722328,0.18940916837827207,-0.1368373902023336,47.64116234325349,57.06083851259483,0.2784923243712758,0.5979227083791258,0.22536692153425486,0.2802273419951999,0.5853379152348225,0.2775,0.1452991452991453,0.5113484646194927,0.7853403141361257,0.43504278898867854,0.1356115841315787,0.1276847410610069,0.22296692574413687,0.2784923243712758,0.6354771605774658,0.9975,0.14681026585194146,0.4990537253548244,0.7755102040816326,0.4109060180478405,0.13435707772919062,0.1335353907270193,-0.1368373902023336,0.16240221998863785,0.10263768408862474,173.37,14021.430251256283,0.22536692153425486,0.027883098689761753,1.0,0.0,0.0,183064.0,724.2199499787308,200,191,9,196,4,0.6847143284475022,0.8128551136363636,0.18714488636363635,47.64116234325349,129.2261419711267,0.2875,106.76082083510616,0.1474149128841888,435.6270849313388,66.7206652656549,374.3942087939739,80.89894795683873,61.23287613736488,-14.178282691183824,62.85291417368802,0.08678705160708969,0.08851163549470362,0.7175,0.6025,0.11499999999999999,-28.226141971126708,-0.07200546421205793,0.029336937518934857,2,2,0,0,0.305,0.7295152437008134,218.09046288180508,0.22336054011264092,-0.15639339247476292,-0.17650487619591151,0.1957676004020452,-0.15639339247476292,50.494971171761584,60.66541190452109,0.2757614150383085,0.640077834932908,0.22336054011264092,0.2780236023073332,0.6044499381953028,0.2775,0.15928369462770972,0.5144508670520231,0.7225130890052356,0.4303838413872963,0.1572713584330351,0.09936804648763585,0.22306552764902982,0.2757614150383085,0.6043917000160023,0.2775,0.16438732845380413,0.5034024205922253,0.7282051282051282,0.41030950224629587,0.16624186163217838,0.10115630882303646,-0.15639339247476292,0.17496066949263644,0.10878105471310581,179.19,15532.054170854273,0.22336054011264092,0.02755144094243302,1.0003812994213925,8.092560284722255,0.12795770668835393,183064.0,724.5139041084082,200,191,9,195,5,0.6685106939059982,0.8013262322472848,0.1986737677527151,50.494971171761584,137.43854063629362,0.2975,109.33954330568993,0.15091434779328897,433.71936020585946,64.15753596514975,376.18394745235275,83.14264967265794,57.535412753506705,-18.98511370750819,60.586782908513946,0.08362404443165582,0.08271153384274353,0.7324999999999999,0.5974999999999999,0.135,-40.696874287077776,-0.10382603320202068,0.02932349190052389,3,2,1,1,0.16249999999999995,1,1.0,0.9027063723510479,0.006700167504187605,0.009602194787379973,1.4380681406894202,1.1715600958846837,0.0,0.9578850725117851,0.5291951298713684,17,183064,1.8549618320610688,1.674523701095502,0.6167092360032959,True,True,0.3853794925648634,1.0,1.0,0.8217750721507603,0.0020063814216139397,-0.0063584320237731196,0.019556002272429318,0.011528881389078816,0.016203634541504086,0.002730909332967324,-0.012558449503998592,-0.042155126553782285
10,188,150,US_1321818753_Rubiaceae_Posoqueria_mutisii,US_1321818753_Rubiaceae_Posoqueria_mutisii#188,False,0.8033308841538085,7.012488859171186,0.14739674132543654,-0.10905880755126986,-0.07545827266904039,0.13893793290778214,-0.10905880755126986,6.498112313011322,7.527238443276289,0.1839592542480443,0.9119125822227763,0.14739674132543654,0.17183131262267762,0.38461538461538464,0.0025,0.135632183908046,0.256578947368421,0.7307692307692307,0.11333023544494379,0.19075528052910415,0.13763726512382166,0.15969754233370026,0.1839592542480443,0.49357335858370277,0.037500000000000006,0.14838382182508858,0.2910933452158601,0.7548387096774194,0.14412930354357686,0.17827205618435749,0.1561605087350586,-0.10905880755126986,0.10905880755126986,0.0467964824120603,5.115,23.127412060301506,0.14739674132543654,0.007850524519399073,1.0000000000000002,1.7728806029239291e-15,4.618527782440651e-14,7363.0,157.57797555978937,200,156,44,155,45,0.7456904456262607,0.8543215064211992,0.14567849357880086,6.498112313011322,15.051413131330392,0.5075000000000001,14.073485049797089,0.08931124416214642,84.14469739920399,11.46423245872505,86.79272323914365,14.603223097626987,-2.6480258399396632,-3.1389906389019373,4.106738740180845,0.026061629016312857,0.17507343531797087,0.5425,0.5075000000000001,0.03499999999999992,-13.051413131330392,-0.2007909712512368,0.13220471408016432,6,3,3,3,0.01166666666666664,0.9676643506146446,7.885112554681766,0.18309187255774526,-0.01643351894608176,0.025818395147942954,0.1519760966997148,-0.01643351894608176,5.446510531077333,7.257601609436204,0.2420057083782715,0.737250504665023,0.18309187255774526,0.2630051281748174,1.0,0.0475,0.125,0.40382978723404256,0.5833333333333334,0.20105227114412058,0.21475468496772376,0.13629027969459415,0.16792034619734636,0.2420057083782715,1.0,0.0475,0.11725602580394784,0.3841548618034257,0.5595854922279793,0.22103142341795728,0.16262155999757613,0.1247060983246268,-0.01643351894608176,0.030422382181176152,0.016855561591742497,5.595,31.026105527638194,0.18309187255774526,0.0358357079618518,1.0009369809709425,2.948193100997754,0.14744997432314966,7363.0,157.98423919163616,200,192,8,193,7,0.8058690744920993,0.8925,0.1075,5.446510531077333,36.32352874554678,0.5275000000000001,10.801107576418117,0.06836826022446635,84.26274825137463,12.218353929300863,87.43682271265767,13.825398734873636,-3.174074461283041,-1.607044805572773,3.5577157970933624,0.02251943494678494,0.1859412495931758,0.5625,0.5075000000000001,0.05499999999999994,-7.651154624736616,-0.11764061318021003,0.2667229238038302,5,2,3,3,0.029999999999999943,1,1.0,0.9117366108386933,0.08845208845208845,0.1511627906976744,1.5903925526973222,1.1646038799799074,0.0,0.9712732855011436,0.9437938332557678,17,7363,2.606060606060606,2.173411140357734,0.7923486956378435,True,True,0.6098137858288939,1.0,1.0,1.0,-0.03569513123230872,-0.01303816379193265,-0.0926252886051881,-0.038178493578800765,-0.06017862886583858,-0.058046454130227215,0.0786364253700937,0.17466207755775331
11,128,159,NY_1927952050_Fagaceae_Quercus_bicolor,NY_1927952050_Fagaceae_Quercus_bicolor#128,False,1.0584771056271385,280.2605127377027,0.18917543192306688,0.028407945595937376,0.04450915380463645,0.16883153624992486,0.028407945595937376,59.15492648281474,69.09262322271199,0.21968743126562612,0.7209158300522429,0.18917543192306688,0.22248683037953346,0.5789473684210527,0.0175,0.16469550958060966,0.39413025858237244,0.7842105263157895,0.2908101509011574,0.15170894180295072,0.12197820414523138,0.18628450876251543,0.21968743126562612,0.5538165254462274,0.0175,0.16630562382835085,0.40297910782481694,0.7696335078534031,0.2847568110962007,0.14903433131143967,0.12327277699882935,0.028407945595937376,0.0941497243371892,0.0492962110951187,238.705,21674.249221105525,0.18917543192306688,0.01378560144613732,1.0,2.8366089646782866e-14,1.4566126083082054e-13,282773.0,803.789998370394,200,190,10,191,9,0.7064303338536684,0.827962700661001,0.17203729933899906,59.15492648281474,147.53623940846694,0.17250000000000001,96.46590589625607,0.12001381715601253,354.86578344876307,111.5915586979268,410.19856880526936,112.12357426097006,-55.33278535650629,-0.5320155630432595,55.33534291814335,0.06884303491002672,0.1310509274854912,0.3575,0.4575,-0.10000000000000003,-14.463760591533116,-0.021684798488055646,0.03950294350449294,3,2,1,1,0.14000000000000004,1.027555300613057,300.2082860282174,0.16258983580951372,0.013590406439087183,0.02812951499457254,0.1704936468474713,0.013590406439087183,50.02725047101697,63.48884558204675,0.15521214271318337,0.7522406476726443,0.16258983580951372,0.18643792600158884,0.4071983062808751,0.1675,0.16052520118593816,0.27758484362505753,0.7195767195767195,0.21710862565490688,0.18859221738713175,0.07674248673647109,0.13325486863381855,0.15521214271318337,0.34590234545877063,0.17250000000000001,0.11829912787804417,0.25172408204982955,0.609375,0.1690418623689452,0.16716673810741303,0.06021372372566786,0.013590406439087183,0.08953825153037949,0.03591510681712893,241.055,32178.393944723615,0.16258983580951372,0.008367920253545508,1.0026832676623836,14.564257341782959,0.4847184700039926,282773.0,806.1748384774168,200,189,11,192,8,0.7444526627218935,0.8535085859656562,0.14649141403434388,50.02725047101697,137.8024686684126,0.5375000000000001,100.12037083658733,0.12419188252721929,361.02481681985995,108.28275124930386,407.4598396553643,112.95186009994367,-46.435022835504355,-4.669108850639816,46.669175300115754,0.057889645115019414,0.13877544670860703,0.34750000000000003,0.4925,-0.14499999999999996,-31.186758338423715,-0.04723514360179765,0.03580297576887873,3,2,1,1,0.10250000000000001,1,1.0,0.8788204171771481,0.01059926620464737,0.013681592039800995,1.5624334025879856,1.1811052179252155,0.0,0.9920369737288531,0.9547699093818665,17,282773,1.2035928143712575,1.1659502938923625,0.7720161212804215,True,True,0.5770401538245367,1.0,1.0,1.0,0.026585596113553156,-0.0016621105975464234,0.014817539156850194,-0.02554588530465518,-0.0380223288682251,0.06447528855244275,0.004611472806809708,-0.0313248176204014
11,130,160,NY_1927952050_Fagaceae_Quercus_bicolor,NY_1927952050_Fagaceae_Quercus_bicolor#130,False,0.8366496607474985,320.1809332237009,0.14052841226054474,-0.08893930222164391,-0.05166541334862627,0.13406237801324952,-0.08893930222164391,58.04020956291879,74.90219168033815,0.21331535187151254,0.8509698293587299,0.14052841226054474,0.18320457197928103,1.0,0.9975,0.11537813985064493,0.2946557396241878,0.5425531914893617,0.06591164789549853,0.14666087277436388,0.2108866955392248,0.16000487679195766,0.21331535187151254,0.907847551471729,0.9824999999999999,0.12159823012381388,0.3141761426796967,0.5647668393782384,0.07054349719997349,0.14789502094207346,0.26055671117301016,-0.08893930222164391,0.1002568439870786,0.04531785857740113,236.97,46594.0191959799,0.14052841226054474,0.013889561186249655,1.0,2.836608964678289e-14,1.3322676295501878e-13,353522.0,872.2338798628614,200,188,12,193,7,0.7447409064280769,0.8536979945667105,0.14630200543328958,58.04020956291879,184.91143363962055,0.4225,115.21866040300677,0.13209606169061242,411.79871675021735,110.36630876389565,416.9000995599451,143.11616299140036,-5.101382809727738,-32.74985422750471,33.14478931135623,0.037999887503300696,0.19157466167163734,0.4975,0.41250000000000003,0.08499999999999996,-79.91143363962055,-0.10931796667526751,0.039284060735181016,3,3,0,0,0.2333333333333334,0.974795689794824,291.6423666067741,0.1506330672115274,-0.012762996362319742,0.04456712366249557,0.12706988532538285,-0.012762996362319742,38.03651823305262,52.50316063104526,0.22355160385789097,0.8798390598357422,0.1506330672115274,0.20511084451484782,1.0,0.9975,0.11096897985289415,0.32487465767853385,0.5396825396825397,0.13529349975883873,0.1076023506659978,0.21278192744221025,0.13882965717688953,0.22355160385789097,1.0,0.9875,0.08033852281324039,0.33313207898885167,0.4639175257731959,0.1311792944553925,0.04593113999271926,0.2405723492631903,-0.012762996362319742,0.03861994444475874,0.020469079717811055,224.61,34779.515477386936,0.1506330672115274,0.019483223438339633,1.0027517207816705,30.188182321557626,0.2600071663183985,353522.0,874.5106589460256,200,189,11,194,6,0.8217338857712277,0.9021448107096588,0.09785518929034115,38.03651823305262,136.42507148108692,0.4325,71.69533436635203,0.08198337393938732,413.760607320864,119.6629296671662,417.18725655349476,132.7406946717021,-3.42664923263078,-13.077765004535905,13.51924045489809,0.01545920603322514,0.25835524188368303,0.4875,0.4325,0.05499999999999999,-25.944711071235076,-0.03538070360032993,0.03929576690496767,3,4,1,1,0.03500000000000001,1,1.0,0.8463877366997294,0.0035959463877084014,0.00778642936596218,1.7308014767281992,1.2381915151855167,0.0,0.9898118446854984,0.9525401592254639,17,353522,1.2281420765027322,1.1518148332162104,0.8357397417404259,True,True,0.6829689991667363,1.0,1.0,1.0,-0.010104654950982644,0.006992492687866669,-0.07617630585932417,-0.048446816142948324,-0.07699297934315086,-0.010236251986378425,0.06163689954231986,-0.028869230477012287
11,132,161,NY_1927952050_Fagaceae_Quercus_bicolor,NY_1927952050_Fagaceae_Quercus_bicolor#132,False,1.4607665004648018,412.5755385380961,0.25745474330026763,0.18724511260120372,0.2519661143279017,0.19544729966029323,0.18724511260120372,72.99048260188701,88.1406113673203,0.32815604075001453,0.831990950037375,0.25745474330026763,0.32111666669716876,0.7723704866562009,0.8574999999999999,0.2487382840663302,0.5397350993377483,0.680628272251309,0.2713434238242348,0.13943763626077504,0.3644671776567058,0.2605507418604746,0.32815604075001453,0.7729450587490398,0.8625,0.24640494689186776,0.5545760373684568,0.6804123711340206,0.27292298832364864,0.1349225613067655,0.37455650906999005,0.18724511260120372,0.18724511260120372,0.08849516626170874,341.465,53889.677160804014,0.25745474330026763,0.03702682651333014,1.0,2.8366089646782866e-14,2.757793993168889e-13,349419.0,943.7115340072164,200,191,9,194,6,0.6714041514041514,0.8034013207877974,0.19659867921220267,72.99048260188701,198.46331962851093,0.8574999999999999,136.90175161525295,0.1450673714179762,475.95523617900665,129.53810365124536,465.9333791461802,104.91361892599093,10.02185703282646,24.624484725254433,26.585764355585155,0.02817149456963388,0.24667525879896054,0.5025,0.40750000000000003,0.09499999999999992,46.46331962851053,0.07008042176245932,0.03413867856551963,3,3,0,0,0.26,0.9957562499643022,234.5450383188696,0.12108843178063497,-0.002126386945186152,0.022327322427171756,0.11316213485815024,-0.002126386945186152,49.06073469367221,59.44929735209999,0.14884160276411443,0.8620380908044113,0.12108843178063497,0.13928920531205563,0.2934220251293422,0.8425,0.12082957619477007,0.22681356439779024,0.6349206349206349,0.09868491917654085,0.10526247017390203,0.15900468927730196,0.1331684345627013,0.14884160276411443,0.2606300052179891,0.8674999999999999,0.15389719955054507,0.20797881646614677,0.6528497409326425,0.1073673379415637,0.12328157783280694,0.16781767355783303,-0.002126386945186152,0.020886099496592914,0.006465353916072107,197.705,16004.128618090452,0.12108843178063497,0.004764282247952248,1.0077227082654747,49.51770971762593,0.45479984530369455,349419.0,951.5925904621658,200,189,11,193,7,0.7615753884271925,0.8646526210918042,0.13534737890819587,49.06073469367221,113.56546187754006,0.3975,105.55886985017679,0.11092863785216041,477.50591630518846,108.84249603373759,471.8796796698625,123.94641377918438,5.626236635325938,-15.103917745446793,16.117781172912924,0.016937690913592447,0.0962162691075975,0.4975,0.3875,0.10999999999999999,-51.20759266481605,-0.07763432173462313,0.032722278338501304,4,3,1,1,0.2466666666666666,1,1.0,0.849390716434486,0.00598380851812742,0.011702127659574468,1.59248562701552,1.1645278369931138,0.0005408978904982271,0.9911157594007605,0.9639168977737427,17,349419,1.4156626506024097,1.3387486331164444,0.8226760573586114,True,True,0.6604825125390041,1.0,1.0,1.0,0.13636631151963266,0.08228516480214298,0.18937149954638988,-0.06125130030400683,-0.09017123702304108,0.1793144379859001,0.1663590131046108,-0.030047140767036296
11,135,163,NY_1927952050_Fagaceae_Quercus_bicolor,NY_1927952050_Fagaceae_Quercus_bicolor#135,False,1.0762116057782378,181.27215726636013,0.06767355970108882,0.036707051230296495,0.041036898668117314,0.07055979559173438,0.036707051230296495,19.666333847563955,25.89043410721145,0.08219352347854914,0.953402739389361,0.06767355970108882,0.09296216737059239,0.35218347470939365,0.0025,0.030732860520094562,0.1335188157660068,0.2620320855614973,0.07748379924900063,0.049537107548264764,0.0776683706710203,0.0639897890962606,0.08219352347854914,0.2507452939039555,0.6725000000000001,0.033853371210327866,0.1293871036714318,0.24867724867724866,0.06674910311188714,0.05018539507692329,0.07695793135035497,0.036707051230296495,0.036707051230296495,0.01902710166746613,74.285,27478.7274120603,0.06767355970108882,0.004084093954242817,1.0,2.8366089646782866e-14,1.3589129821411916e-13,210559.0,641.5308275803794,200,187,13,189,11,0.8785279322213397,0.9353365655654527,0.06466343443454729,19.666333847563955,58.836035341130014,0.1275,55.21659856672737,0.08607006272011006,238.81924200428773,102.38207211907078,233.50011415698336,100.56359771296499,5.319127847304372,1.8184744061057927,5.621385080354366,0.008762455113117764,0.058234533890456276,0.2325,0.2425,-0.009999999999999981,12.1639646588701,0.021008574540362868,0.04262929195369378,2,2,0,0,0.23749999999999996,1.0922622892176834,234.1891222922192,0.08185349508333431,0.044096903955660884,0.04712816862251891,0.08620386684967159,0.044096903955660884,22.53825561301916,27.62970722987447,0.08915339396882924,0.9501215175478384,0.08185349508333431,0.10678701766350526,0.46536494653649463,0.0025,0.05860113421550094,0.15617564621613206,0.3422459893048128,0.086654217204015,0.0641806485384089,0.09749718934036158,0.0731747437613804,0.08915339396882924,0.2724324851749274,0.6675,0.05091138427200631,0.1251346559433544,0.31746031746031744,0.07243770955875643,0.06290701481160726,0.08615780451603808,0.044096903955660884,0.044096903955660884,0.02401772187367911,90.755,46842.2864070352,0.08185349508333431,0.004728759970582048,1.0000387624479863,2.1597030891899527,0.046244727095339,210559.0,641.5911567898477,200,187,13,189,11,0.8649766652524395,0.927600523232668,0.07239947676733208,22.53825561301916,61.031485458191156,0.6675,55.06105021420078,0.08581952795249632,238.67942174961703,103.10396695811458,233.78940641654552,99.80141809740799,4.890015333071517,3.302548860706594,5.900769351112528,0.009197086475812067,0.0668064469535932,0.2475,0.2425,0.0050000000000000044,16.454177691057907,0.02841732108113037,0.04433161109148721,2,2,0,0,0.23749999999999996,1,1.0,0.8703972551243149,0.022571148184494603,0.022413793103448276,1.4856701901123774,1.107021023323154,0.006558731756894742,0.969537219580482,0.7196441292762756,17,210559,1.1741379310344828,1.0774470539574454,0.9093195332896561,True,True,0.8404576356320284,1.0,1.0,0.9275800718201532,-0.01417993538224549,-0.01564407125793721,-0.007389852725364389,0.007736042332784798,0.013551266968900189,-0.006959870490280101,-0.007389852725364389,0.0032812218415226857
11,139,168,NY_1927952050_Fagaceae_Quercus_bicolor,NY_1927952050_Fagaceae_Quercus_bicolor#139,False,1.3463778556514732,238.26115923498736,0.2327528824352166,0.1476223681608609,0.18318260338490822,0.19513337427016225,0.1476223681608609,50.718211422153416,62.76622472474626,0.3179475110171389,0.8302961092046789,0.2327528824352166,0.2934918589898175,0.6746031746031746,0.0825,0.16724137931034483,0.5412207486910374,0.8165680473372781,0.14720517694079088,0.1891877993485821,0.37194958366470876,0.23959290328459004,0.3179475110171389,1.0,0.0325,0.15008969840289504,0.5546097860629208,0.8171428571428572,0.18095487426745227,0.18883435072358362,0.3682935210346531,0.1476223681608609,0.1476223681608609,0.07899451515876899,187.49,21724.502412060305,0.2327528824352166,0.032153826338845934,1.0,2.836608964678287e-14,3.774758283725532e-14,192166.0,765.7120403312526,200,169,31,175,25,0.6680976484910617,0.8010294230621495,0.1989705769378505,50.718211422153416,165.39386251901567,0.4575,122.097852431566,0.15945661815471202,343.9453318077497,102.55032801465674,339.63462848284604,78.53439635132986,4.31070332490367,24.01593166332688,24.399736408677086,0.03186542084165424,0.17273390173443848,0.4575,0.3425,0.11499999999999999,84.39386251901567,0.15400339875732785,0.03950763208238614,1,3,2,2,0.019999999999999962,0.9309672622038224,208.430515999937,0.19048160420226218,-0.035750340851139116,-0.04016552078485001,0.16651228625251085,-0.035750340851139116,46.75489026587281,59.14261098837491,0.2937154847384122,0.7834760832368397,0.19048160420226218,0.22842861707736353,0.4173829990448902,0.6925000000000001,0.18044237485448195,0.374481415629498,0.6627218934911243,0.1367240186924181,0.1847435369017899,0.2504883215644395,0.22827303931167897,0.2937154847384122,1.0,0.0075,0.2069623329104377,0.4194801524523737,0.6988636363636364,0.2743200682979457,0.16849937292290332,0.25235710345813883,-0.035750340851139116,0.050768606309128564,0.023083583984679912,159.99,17936.16070351759,0.19048160420226218,0.015991012938745296,1.0058354037854873,34.47202778953024,0.3798034961720693,192166.0,770.6541657627679,200,169,31,176,24,0.6938751881440315,0.8192754613807245,0.18072453861927545,46.75489026587281,119.63892026295304,0.6975,119.11878548471127,0.15456840535833793,344.8866755167686,89.14472273954229,346.0647303703725,91.9066427533898,-1.1780548536038964,-2.761920013847515,3.002668047085984,0.003896258763636271,0.07185066853357452,0.4575,0.3375,0.12,13.7500309259039,0.02503089175445924,0.04509054027781275,1,3,2,2,0.03999999999999998,1,1.0,0.7624531093094616,0.007864238410596027,0.010666666666666666,1.8481164566970296,1.2481724576813282,0.0,0.9836861210710862,0.8905810117721558,17,192166,1.366120218579235,1.3686588922792824,0.7004482136466091,True,True,0.46927137988608214,1.0,1.0,1.0,0.04227127823295443,0.028621088017651397,0.18337270901200003,-0.018246038318574964,-0.025777539652969805,0.024232026278726726,0.09685376185173235,0.046820025967839185
12,220,208,UM_1807393061_Fagaceae_Quercus_suberoides,UM_1807393061_Fagaceae_Quercus_suberoides#220,False,0.7453840074718011,70.81878281924931,0.15572341180864332,-0.1458796410636371,-0.1549224005284354,0.146428473422793,-0.1458796410636371,25.47978537263341,29.037017535236618,0.20012758583604626,0.842487954724704,0.15572341180864332,0.20306543477831668,0.8653366583541147,0.9975,0.12180647029022218,0.26493205069476256,0.705,0.1138592651773142,0.1752604390362869,0.1783421286336369,0.15574811181739934,0.20012758583604626,0.8723355675109418,0.9975,0.1266445858603098,0.26742101465417734,0.745,0.11361942116137279,0.1682506349553021,0.18556088415847685,-0.1458796410636371,0.1458796410636371,0.06968922367662797,53.36,2178.904924623115,0.15572341180864332,0.017071145544102977,1.0,0.0,0.0,72882.0,397.21562224035665,200,200,0,200,0,0.7494920763917107,0.8568110556265243,0.1431889443734758,25.47978537263341,81.99977167301427,0.6174999999999999,59.277166032084594,0.1492317087071056,185.64286528848737,42.124419384376395,191.18438047634652,54.688608685370795,-5.541515187859147,-12.5641893009944,13.731978858434633,0.034570591108638124,0.06474800025659198,0.3925,0.3575,0.03500000000000003,-27.999771673014266,-0.11290230513312204,0.07358739877222024,3,3,0,0,0.17,0.7702266158218163,64.20661959642479,0.14222636993585483,-0.12979885294036936,-0.1395427957660026,0.13180209105128837,-0.12979885294036936,20.07796723104664,23.985595593709483,0.17663031707290475,0.8416052873971227,0.14222636993585483,0.1948695292473499,0.9346049046321526,0.9975,0.10743760176655588,0.27385409520075793,0.6,0.09849077488667163,0.16122478934628853,0.1672471040732676,0.12638743512270467,0.17663031707290475,0.9064109140928328,0.9975,0.09400564994188688,0.25403563580293925,0.39,0.08336350872120217,0.1380522056659203,0.15792069203387535,-0.12979885294036936,0.12979885294036936,0.06067979748085948,48.03,1824.732763819096,0.14222636993585483,0.017834967963771983,1.0003696764811867,4.6607020315320105,0.09208865751499573,72882.0,397.3729074318321,200,200,0,200,0,0.7941428047737363,0.8852615328732292,0.1147384671267708,20.07796723104664,75.00902246087355,0.6225,53.25213806467654,0.13401049006797663,185.49247202580878,43.638083878098534,191.51822508058132,53.19127500178586,-6.025753054772537,-9.553191123687327,11.294828928443268,0.028423751889478915,0.0540365181946085,0.3925,0.3575,0.03500000000000003,-21.04911871306595,-0.0848408457311931,0.07693432704310958,3,3,0,0,0.16999999999999996,1,1.0,0.913805415995197,0.030017152658662092,0.04819277108433735,1.4536131906060015,1.1830719593252064,0.0,0.9832053780555725,0.8850679397583008,17,72882,1.6947791164658634,1.4763974858589644,0.8267596630109124,True,True,0.6674687986562486,1.0,1.0,1.0,0.013497041872788496,0.014626382371504626,-0.016080788123267742,-0.02845047724670491,-0.04465072838202566,0.02349726876314151,0.016080788123267742,0.0008826673275812436
12,222,209,UM_1807393061_Fagaceae_Quercus_suberoides,UM_1807393061_Fagaceae_Quercus_suberoides#222,False,1.283767290480065,66.11682841758217,0.18982978491480978,0.12425403046227844,0.16712005936836508,0.14336611994044968,0.12425403046227844,26.37472431261636,29.818520038475324,0.2734009494850017,0.7401297233233491,0.18982978491480978,0.2891444767623857,0.9759036144578314,0.9824999999999999,0.1206896551724138,0.46315638861067415,0.700507614213198,0.061790400326099296,0.13177812862038668,0.38373678620973994,0.18396462574371486,0.2734009494850017,1.0,0.9875,0.11734551475662255,0.44395529594363153,0.696969696969697,0.07520253297445915,0.12610021933472243,0.354827872490386,0.12425403046227844,0.12425403046227844,0.03861605949942104,56.335,1203.8218844221105,0.18982978491480978,0.047811881105479584,0.9999999999999999,0.0,0.0,78589.0,417.6391014688935,200,197,3,198,2,0.7434717073369455,0.8528635184709209,0.14713648152907913,26.37472431261636,59.01189498644436,0.8625,41.041891017264874,0.09827118886357854,203.9751776524532,55.59179533259559,177.0763674150728,48.078877567803055,26.89881023738039,7.512917764792533,27.928299724958826,0.06687185090364192,0.11954690387902202,0.40750000000000003,0.1525,0.255,29.01189498644436,0.11288675092001697,0.037957562317667934,4,3,1,1,0.03333333333333332,1.310150210176666,67.07611348311707,0.18765354205179022,0.13425543014925753,0.17240170549395997,0.14748883431523496,0.13425543014925753,26.92925498243441,30.40859046599883,0.2736589145868808,0.8124538381686729,0.18765354205179022,0.27971786362359324,0.9368421052631579,0.9775,0.13027011156782148,0.4207736656127952,0.6938775510204082,0.05998436450736735,0.139186193047686,0.3742040171271427,0.18353741319296044,0.2736589145868808,1.0,0.9875,0.12453899039914597,0.4253498418670928,0.7070707070707071,0.06465938328951204,0.13770188340211098,0.35261392041953127,0.13425543014925753,0.13425543014925753,0.04395077555383069,57.955,1146.153743718593,0.18765354205179022,0.04324888898241316,1.000254717505223,2.1658719826906543,0.1506909205902922,78589.0,417.7959264238343,200,196,4,198,2,0.7404260610079576,0.8508560950634629,0.14914390493653704,26.92925498243441,57.56808288895889,0.9425000000000001,38.648696174935836,0.0925061584629443,203.29326715544178,56.670526012053976,178.266142559901,46.77952371943801,25.027124595540784,9.891002292615966,26.91075792082521,0.06441125013154271,0.11754895410916594,0.4175,0.40750000000000003,0.009999999999999953,34.03315659183315,0.13244860275838477,0.039575163347334644,4,3,1,1,0.03999999999999999,1,1.0,0.9184917349288326,0.018302828618968387,0.018691588785046728,1.4467092191134978,1.1488991172888345,0.0,0.9612688176772174,0.5817430019378662,17,78589,1.6589147286821706,1.4357897549767598,0.7224475952753104,True,True,0.5324097112362368,1.0,1.0,0.8509683344099258,0.0021762428630195674,-0.004122714374785286,-0.010001399686979093,0.0020074234074579644,0.00304564632898785,-0.0002579651018790874,-0.010001399686979093,-0.07232411484532375
12,224,211,UM_1807393061_Fagaceae_Quercus_suberoides,UM_1807393061_Fagaceae_Quercus_suberoides#224,False,1.4156317394214324,36.297864950985755,0.19364807939400544,0.17205923098236,0.1565384393792676,0.1897915832897208,0.17205923098236,23.32384709628614,25.750861838383138,0.2335080673849155,0.750933458888959,0.19364807939400544,0.22411306415115154,1.0,0.9975,0.17293233082706766,0.33563218390804617,0.8291457286432161,0.15694833712830514,0.16090094851168396,0.2636510092430227,0.20139141138565922,0.2335080673849155,1.0,0.9975,0.18262594321986844,0.3437981720369894,0.84,0.16252356042977367,0.16715692738047927,0.2739827838988862,0.17205923098236,0.18092540713604038,0.08561763076070561,30.825,369.2003768844221,0.19364807939400544,0.012791365086747448,1.0,0.0,0.0,32483.0,267.61822921902916,200,199,1,200,0,0.6758269522291755,0.8065593542700746,0.1934406457299253,23.32384709628614,43.87400248817346,0.7925,39.2267874165556,0.14657741190138013,131.55413847311584,38.736066173693786,130.361225236489,26.090662918923613,1.1929132366268504,12.645403254770173,12.701545790409591,0.04746143724018947,0.08752864555882152,0.5375000000000001,0.40750000000000003,0.13000000000000006,21.87400248817346,0.13502470671712014,0.0738266711994045,2,3,1,1,0.09249999999999997,0.9916002452483139,23.67224112753163,0.11534595716175389,-0.004217590739771573,-0.03156474235672767,0.0917710802573654,-0.004217590739771573,10.65695987748769,13.60586728930092,0.2014820351722521,0.7677212101546141,0.11534595716175389,0.2018405495692609,1.0,0.9975,0.05730143839899937,0.25,0.345,0.05744775721366401,0.049465020863504745,0.23814179585140266,0.1176259497011583,0.2014820351722521,1.0,0.9975,0.06842695322009315,0.2495907558867624,0.345,0.06689978398844226,0.05901967733041995,0.22608366730146737,-0.004217590739771573,0.024689837761290523,0.008077840716682574,14.905,339.91555276381905,0.11534595716175389,0.027572781524482518,1.0105905418406886,16.83579418886757,0.4947079676014965,32483.0,270.5265541767667,200,200,0,200,0,0.8364175278378595,0.9109230500785204,0.08907694992147967,10.65695987748769,42.85319316114173,0.9824999999999999,34.821463268011996,0.12871735779866939,131.63861646251308,31.90629876578618,132.57403181228602,32.401447917765616,-0.9354153497729385,-0.49514915197943665,1.0583829927284283,0.003912307225991806,0.1542678160730381,0.3425,0.40750000000000003,-0.065,-8.287932469210503,-0.05082954561572477,0.07374815742905115,3,3,0,0,0.1083333333333333,1,1.0,0.9266302388950562,0.031609195402298854,0.04294478527607362,1.343690566717275,1.162959431475496,0.0,0.9855090064160964,0.9340810775756836,17,32483,1.6993865030674846,1.5788746405772438,0.8771378360252728,True,True,0.7568663040352716,1.0,1.0,1.0,0.07830212223225155,0.09802050303235539,0.17627682172213158,-0.10436369580844573,-0.16059057560868395,0.0320260322126634,0.15623556937474986,-0.016787751265655126
12,226,214,UM_1807393061_Fagaceae_Quercus_suberoides,UM_1807393061_Fagaceae_Quercus_suberoides#226,False,1.6694955209806694,45.5432761228263,0.27223537210289755,0.2507947721653126,0.2664086004493542,0.26125044154009186,0.2507947721653126,30.076929288885708,34.61819139482349,0.3225649668620015,0.5818753648292966,0.27223537210289755,0.31633993833141294,0.5826771653543307,0.9975,0.23973727422003283,0.528324377137274,0.85,0.1640806684818513,0.23095936929152458,0.4210500187918635,0.27921799462669145,0.3225649668620015,0.590070707029446,0.7625,0.25130388625230016,0.5421358745749356,0.865,0.16880094693952272,0.23772332085073633,0.4305103926006218,0.2507947721653126,0.25602260685270223,0.10931261038502296,36.98,710.220703517588,0.27223537210289755,0.026089305285948782,1.0,0.0,0.0,28310.0,246.4913968729719,200,200,0,200,0,0.5815638906547997,0.7354288929978294,0.26457110700217057,30.076929288885708,63.82692928888571,0.6625000000000001,51.01762298675278,0.20697526824047516,122.04890602448641,38.9200164659622,110.67585014636859,23.888421258433144,11.373055878117825,15.031595207529055,18.84927729356754,0.07647032526364975,0.11070971967408592,0.5375000000000001,0.5075000000000001,0.030000000000000027,28.826929288885708,0.1685785338531328,0.11394131267268841,2,4,2,2,0.060000000000000026,1.5872783768963625,41.465889596148784,0.2519275950960808,0.22698693041328152,0.2429639528665849,0.2421759095725892,0.22698693041328152,24.589596326342043,30.088067490396437,0.28896235620049365,0.5831184618142398,0.2519275950960808,0.30211140193015495,0.6134453781512605,0.7775000000000001,0.22899583277322222,0.49141167775314115,0.765,0.12681687738442216,0.21507861859877814,0.4133373045812019,0.23218782300703475,0.28896235620049365,0.5774812620576917,0.7725,0.186546734218132,0.4969803545049656,0.735,0.08874724046699083,0.1933134351631596,0.41392257864701537,0.22698693041328152,0.23256799717414342,0.09481702578594137,34.28,547.0367839195981,0.2519275950960808,0.027943503522923418,1.0007966518013303,4.091471978093433,0.16419397849636375,28310.0,246.69639328284921,200,200,0,200,0,0.641024539086338,0.7812491816158177,0.21875081838418228,24.589596326342043,57.66564686959981,0.6825000000000001,48.134915515276695,0.1951180350662351,122.49066443402602,37.59348704061597,110.07210525412367,25.316847234946497,12.418559179902346,12.276639805669472,17.46243101698286,0.07078510871037075,0.10828033050196476,0.5525,0.5175000000000001,0.03499999999999992,23.315769847005754,0.13609953237382572,0.10960820045980524,2,3,1,1,0.054999999999999966,1,1.0,0.8759303655651138,0.022191400832177532,0.03018867924528302,1.4543167551056801,1.183248056049428,0.0,0.9902846672955681,0.9510730504989624,17,28310,1.5406976744186047,1.2675155393581135,0.5707366779173756,True,True,0.30368688640030367,1.0,1.0,1.0,0.02030777700681674,0.019074531967502667,0.023807841752031073,-0.04582028861798826,-0.05946064843153831,0.033602610661507826,0.023454609678558808,-0.0012430969849431817
12,228,215,UM_1807393061_Fagaceae_Quercus_suberoides,UM_1807393061_Fagaceae_Quercus_suberoides#228,False,0.7820234972054294,21.820747008294653,0.1343224875103683,-0.12231965691608526,-0.10046203990571324,0.1433143442360622,-0.12231965691608526,11.88661883567094,13.7878363091652,0.16327786212036652,0.695651449369022,0.1343224875103683,0.17318292026988266,1.0,0.9975,0.13636363636363635,0.19626168224299065,0.6047904191616766,0.06518506289526742,0.11935411541365572,0.21816099186331192,0.13220709934273095,0.16327786212036652,1.0,0.9975,0.1406567804873113,0.19800194620775705,0.6227544910179641,0.07320822850185468,0.117148296687899,0.20599586564817432,-0.12231965691608526,0.12231965691608526,0.033214011393458365,11.195,352.5798743718593,0.1343224875103683,0.012021779928389502,1.0,3.5457612058478583e-15,4.3520742565306136e-14,15623.0,166.97278281579725,200,167,33,167,33,0.7705529797580006,0.8704094015456345,0.12959059845436546,11.88661883567094,46.31415258534018,0.9975,46.31415258534018,0.27737546086438236,84.34846733769433,21.696786737880345,93.64445822362384,27.107582492948264,-9.295990885929513,-5.4107957550679195,10.756028879393435,0.0644178571980763,0.08278139541137466,0.5375000000000001,0.41250000000000003,0.12500000000000006,-13.628305170680385,-0.11850700148417725,0.44638025279068966,23,19,4,4,0.006842105263157892,0.7353104520715317,28.55232039607289,0.17196619509119748,-0.1525315240350765,-0.12614489052492048,0.1800550470460219,-0.1525315240350765,14.949009089393387,17.74762875987176,0.21203928637817673,0.6180282233860637,0.17196619509119748,0.22450291449722803,1.0,0.9975,0.14942528735632185,0.2776868521549374,0.6884422110552764,0.1008383801067333,0.17289139875408813,0.24219642443255873,0.16673215269266678,0.21203928637817673,1.0,0.9975,0.16278004096761883,0.2571489841494696,0.7185929648241206,0.07178773204686048,0.16495428421563854,0.26340137111469447,-0.1525315240350765,0.1525315240350765,0.043612142354221346,14.065,620.5133417085428,0.17196619509119748,0.020934384274533188,1.000474351741556,2.1742548732506766,0.11462712273225528,15623.0,167.08007627951582,200,199,1,199,1,0.7176612690144567,0.8356260712873028,0.16437392871269724,14.949009089393387,47.76429752640352,0.9975,45.87704774389555,0.2745811994192878,84.18105172488961,20.660170956403697,93.75245641784912,28.119317719352466,-9.571404692959504,-7.4591467629487695,12.134688221277724,0.07262797870032722,0.1057690670928038,0.5425,0.4275,0.11499999999999999,-18.153256885879486,-0.15823565468256273,0.2614010300879262,4,2,2,2,0.07249999999999998,1,1.0,0.9445041284262868,0.02959830866807611,0.04310344827586207,1.3008674253132135,1.1784954623448918,0.0,0.986770815709058,0.9538763761520386,17,15623,1.5258620689655173,1.2574117946730075,0.7408412501745565,True,True,0.5286472244493029,1.0,1.0,1.0,-0.03764370758082919,-0.0367407028099597,0.030211867118991237,0.03478333025833169,0.05289171074354393,-0.048761424257810215,-0.030211867118991237,0.07762322598295834
12,230,216,UM_1807393061_Fagaceae_Quercus_suberoides,UM_1807393061_Fagaceae_Quercus_suberoides#230,False,0.938655686453925,28.293903937067434,0.10140850953795469,-0.03164270683789258,-0.054544154335030536,0.07042419713268698,-0.03164270683789258,10.469241033320348,15.077806539975663,0.20732210904223367,0.8285146647461604,0.10140850953795469,0.21163675671336343,0.9653179190751445,0.9975,0.04316770186335404,0.15005224660397076,0.20707070707070707,0.0741426983266663,0.031723137053260735,0.19650570823532104,0.09928219033135738,0.20732210904223367,0.923057885837424,0.9975,0.04164422576068629,0.15369330600740938,0.21608040201005024,0.0740916026319345,0.03193382698826959,0.19043996300009922,-0.03164270683789258,0.03164270683789258,0.007856545851442506,17.905,482.3678140703517,0.10140850953795469,0.034681590533591385,1.0,7.0915224116957165e-15,2.1760371282653068e-13,50849.0,329.101892112165,200,198,2,199,1,0.8717834601068134,0.9315003350409614,0.06849966495903854,10.469241033320348,59.53760486268408,0.9575,41.53760486268408,0.12621502901760032,161.2977323266103,42.24744452235407,174.3464797486233,42.510214608703045,-13.048747422013008,-0.26277008634897214,13.051392929560086,0.039657605265641833,0.09205054142031407,0.3625,0.5725,-0.21000000000000002,-5.537604862684219,-0.025998144895231078,0.066806826899094,2,2,0,0,0.015000000000000013,0.818763860075828,40.720203830531105,0.13908757469533992,-0.09964797734468721,-0.12548086043296477,0.11235225864815435,-0.09964797734468721,19.816692841976405,23.674489967650146,0.24217097595512507,0.8314349720658041,0.13908757469533992,0.23580094430126367,0.967948717948718,0.9975,0.09195402298850575,0.2351093693543457,0.4472361809045226,0.0823816938295924,0.06884027065372632,0.2641459359473673,0.1552570168120529,0.24217097595512507,0.931301029541354,0.9724999999999999,0.1197194426568962,0.2427375667774268,0.6532663316582915,0.09045288790552257,0.08785184517508578,0.28549304421311006,-0.09964797734468721,0.09964797734468721,0.029214881315266773,28.565,846.4078140703517,0.13908757469533992,0.03643984670630526,1.0020546128268506,9.1393334561539,0.22116178698498068,50849.0,329.75715217945844,200,199,1,199,1,0.7724314080909616,0.8716065451840833,0.12839345481591669,19.816692841976405,67.38737485413819,0.9624999999999999,51.560281010956764,0.1563583402821751,161.44346631709584,38.7325196347674,174.4340116364144,45.82294543690504,-12.990545319318556,-7.090425802137638,14.799608297143827,0.04488032541319884,0.14623622724243773,0.3725,0.5775,-0.20500000000000002,-21.822802539877685,-0.1022114276931199,0.07173999531623028,2,2,0,0,0.009999999999999953,1,1.0,0.9301877041767409,0.021134593993325918,0.03571428571428571,1.342534835203181,1.1755844025303117,0.0,0.9915344084010405,0.972550630569458,17,50849,1.5700934579439252,1.4012584544221,0.8148686190529175,True,True,0.6472337204772218,1.0,1.0,1.0,-0.03767906515738523,-0.041928061515467366,0.06800527050679463,0.0598937898568781,0.09935205201585184,-0.03484886691289141,-0.06800527050679463,-0.0029203073196436558
12,232,220,UM_1807393061_Fagaceae_Quercus_suberoides,UM_1807393061_Fagaceae_Quercus_suberoides#232,False,1.4010115230199698,47.346435979913,0.19757704622387423,0.16701774197050967,0.19593809987278857,0.16940650176985386,0.16701774197050967,22.6680947670084,24.96097607841645,0.2904279950796659,0.7687942693136363,0.19757704622387423,0.2656068505543102,0.9563318777292577,0.9975,0.15986474797515138,0.35750738651625036,0.7741935483870968,0.20325481444694304,0.1603845655444981,0.2305374534941825,0.20897930538117696,0.2904279950796659,1.0,0.042499999999999996,0.1665916716529711,0.3469003281689688,0.7447916666666666,0.2209602552184653,0.15916569225514002,0.24749904308145204,0.16701774197050967,0.16701774197050967,0.08246047688331995,39.005,723.9145477386935,0.19757704622387423,0.03168063586610891,1.0,0.0,0.0,46049.0,348.46790290032015,200,186,14,192,8,0.7099628532075629,0.8303839488393664,0.16961605116063366,22.6680947670084,44.655275216274674,0.5025,38.77517975608793,0.11127331795370445,175.7075814952413,42.238244232625625,175.4073260882531,33.0368235212229,0.30025540698821374,9.201420711402726,9.20631828787473,0.026419415421764722,0.11978200149424838,0.4825,0.7975000000000001,-0.3150000000000001,23.655275216274674,0.1264987979479929,0.05995500214122766,2,4,2,2,0.09250000000000003,1.1651777318036487,30.135112410608325,0.13061071618694103,0.07628830159178267,0.1081163273400006,0.10056678755238985,0.07628830159178267,12.390355624273877,15.399392858054306,0.2542281940942535,0.7549000574144017,0.13061071618694103,0.2168571729483982,0.9367088607594937,0.9975,0.09181534344335415,0.21285714285714336,0.4308510638297872,0.10134744191605348,0.08436359612988341,0.20018967154014422,0.1382055495379632,0.2542281940942535,1.0,0.037500000000000006,0.0838150280811546,0.21137906304397538,0.3626943005181347,0.14553816511368273,0.0557801404883633,0.21283420719065602,0.07628830159178267,0.07628830159178267,0.03853150991335317,23.155,373.840175879397,0.13061071618694103,0.0301281302884786,1.0020494537821738,9.658759048581139,0.2202732370661673,46049.0,349.2080498746211,200,188,12,193,7,0.8395655929902506,0.9127867972628472,0.08721320273715283,12.390355624273877,35.33151570727188,0.9775,30.122998328557085,0.08626089329662469,175.8188766563739,38.85164561642605,176.29763774541266,36.346464327927826,-0.47876108903875547,2.505181288498221,2.5505186665890496,0.00730372242995195,0.0792625785855151,0.4825,0.8125,-0.33,8.502840698073058,0.04617286421215688,0.05981691383302964,2,3,1,1,0.08750000000000002,1,1.0,0.9030449511658776,0.011866235167206042,0.02127659574468085,1.517115066612527,1.1995667311820901,0.0,0.9808986257104313,0.7870173454284668,17,46049,1.824468085106383,1.8126066479858456,0.8597329050080009,True,True,0.7350606476645519,1.0,1.0,0.9650096363491483,0.0669663300369332,0.06883971421746402,0.090729440378727,-0.08240284842348078,-0.12960273978268766,0.03619980098541237,0.090729440378727,0.013894211899234565
12,234,221,UM_1807393061_Fagaceae_Quercus_suberoides,UM_1807393061_Fagaceae_Quercus_suberoides#234,False,0.6979478682047033,55.67194086790939,0.18094026644355887,-0.17789246504644834,-0.1800135565109148,0.17841794125926622,-0.17789246504644834,52.39093595317212,67.25919882422221,0.3276531110552172,0.4529498115348296,0.18094026644355887,0.22351187797583627,1.0,0.9975,0.17519884695457213,0.2890613192767754,0.7777777777777778,0.1329907514162981,0.20031383367277455,0.210693529054301,0.26944083210115494,0.3276531110552172,1.0,0.9975,0.19906507150817587,0.5071110934161437,0.82,0.13159078215191564,0.2936517139755305,0.38344135662190476,-0.17789246504644834,0.17789246504644834,0.08946987895280098,47.535,844.0088190954774,0.18094026644355887,0.01730558150239883,1.0,0.0,0.0,53285.0,342.67169225889177,200,198,2,200,0,0.6905502899985854,0.8169532655537425,0.1830467344462575,52.39093595317212,139.80366501671693,0.6575,139.80366501671693,0.40798136576479715,155.10866208415234,34.32681196956693,159.70815952847238,52.460560441568575,-4.599497444320036,-18.133748472001642,18.707971840531737,0.05459444787285693,0.1124545837692386,0.4425,0.6575,-0.21499999999999997,-126.80366501671693,-0.4240925251395215,0.09290514971485644,5,2,3,3,0.012500000000000067,0.7547586116050846,47.53035871945425,0.15397569990423265,-0.13975790560195178,-0.1410636017617054,0.14745237871821337,-0.13975790560195178,43.75534795558448,60.197044392687,0.2956052085319944,0.4420967204311731,0.15397569990423265,0.2082394048238946,1.0,0.9924999999999999,0.13804008433188333,0.27432264803812756,0.645,0.1086059877047328,0.16707012315457528,0.18644642800637995,0.22530760706040973,0.2956052085319944,1.0,0.9924999999999999,0.1469071951185385,0.4732916662902556,0.765,0.08774866795632508,0.2549234149824676,0.3336927652263479,-0.13975790560195178,0.13975790560195178,0.0683118607488036,39.285,719.4208793969849,0.15397569990423265,0.01975390307579052,1.0008349202049893,5.982477008879314,0.14100757749096782,53285.0,342.9589891391613,200,200,0,200,0,0.77183366220858,0.8712258703184294,0.1287741296815707,43.75534795558448,131.67884881564407,0.6425000000000001,130.76165507198854,0.3812749022855611,154.92257688071476,36.54490181389549,160.14398896127545,50.23238870901904,-5.221412080560697,-13.687486895123548,14.649588445386582,0.04271527765508508,0.10989884641536514,0.4425,0.6425000000000001,-0.20000000000000007,-117.30459174909414,-0.39038419624817744,0.08786756212146997,5,2,3,3,0.0025000000000000022,27,0.9802008069813268,0.9104268904015619,0.007665505226480836,0.017191977077363897,1.4037137251751075,1.199681841671458,0.0,0.9831109081997591,0.8750417232513428,17,53285,1.1633333333333333,0.8208892782131719,0.6048119936134719,False,False,0.6232794037449211,0.38549335908289034,1.0,1.0,0.026964566539326218,0.030965562541052843,-0.03813455944449656,-0.05427260476468687,-0.0812833722099946,0.032047902523222815,0.03813455944449656,0.01085309110365651
12,236,223,UM_1807393061_Fagaceae_Quercus_suberoides,UM_1807393061_Fagaceae_Quercus_suberoides#236,False,1.4566856722457238,48.381453057964265,0.2050521245693719,0.18589503631054877,0.20193874150535507,0.18854034089491153,0.18589503631054877,25.109030667403477,27.77360150807956,0.25909629703959663,0.6985688157310921,0.2050521245693719,0.26031667024086524,1.0,0.9975,0.2138374178123132,0.3336898395721925,0.77,0.0805610056980198,0.211137436313235,0.3235487572452769,0.20410398290314244,0.25909629703959663,1.0,0.9975,0.21466640307608842,0.30312025724387864,0.77,0.07636521713907785,0.211665212726118,0.32439437302069385,0.18589503631054877,0.18589503631054877,0.07234128172493823,37.775,918.4064070351759,0.2050521245693719,0.025847633180782065,1.0,0.0,0.0,40071.0,285.10521305742094,200,200,0,200,0,0.6945073185453448,0.8197159267999465,0.18028407320005344,25.109030667403477,47.92197227054527,0.9724999999999999,43.460986135272634,0.15243841271509642,140.8082177708104,41.90185313863962,125.57055649318818,31.181034586939383,15.237661277622209,10.72081855170024,18.63121766364258,0.06534856891546982,0.11138240996823046,0.3825,0.2525,0.13,13.921972270545268,0.07366122894468397,0.06176688521713241,4,1,3,3,0.035,1.3193262719222087,38.43130234587425,0.16546243309578185,0.13768061690499364,0.15250705658704075,0.14940979760924358,0.13768061690499364,17.27017531786053,19.808359050201496,0.20503233628613926,0.747198004029461,0.16546243309578185,0.22675401760389224,1.0,0.9975,0.13983301912200377,0.28818109430098965,0.635,0.056274896637558934,0.17775081937333362,0.2625449920268642,0.14570316770237077,0.20503233628613926,1.0,0.9975,0.13850117906026133,0.20191582581194212,0.635,0.04541890562157395,0.15060761046792814,0.24115618765590224,0.13768061690499364,0.13768061690499364,0.048895522946769486,29.935,583.7796733668342,0.16546243309578185,0.024160369581437375,1.0008935083099164,5.177459765874705,0.1412215001155681,40071.0,285.36095703840874,200,200,0,200,0,0.7792489441844538,0.8759302027200411,0.12406979727995894,17.27017531786053,42.67250472364553,0.9775,38.50461452422765,0.13493301579811087,140.59563865436834,40.060431461355684,126.70750342345556,32.85306240613801,13.88813523091278,7.207369055217676,15.646931612627126,0.054832068742049725,0.07600077696722189,0.3875,0.2375,0.15000000000000002,6.5703543319873745,0.03501598487643841,0.06093940750100619,4,1,3,3,0.010000000000000009,1,1.0,0.919796448277461,0.01390644753476612,0.019867549668874173,1.3590102950922274,1.1827451227136958,0.0,0.9735973477363586,0.7371872067451477,17,40071,1.5894736842105264,1.4693493004934588,0.7852694685245749,True,True,0.612993296770588,1.0,1.0,0.9373262259695266,0.039589691473590066,0.03913054328566795,0.048214419405555126,-0.056214275920094536,-0.08474162563910903,0.054063960753457374,0.048214419405555126,-0.04862918829836893
12,238,224,UM_1807393061_Fagaceae_Quercus_suberoides,UM_1807393061_Fagaceae_Quercus_suberoides#238,False,0.8896794138821835,32.773388595017146,0.14223327159566604,-0.05838058313350216,-0.019902098712536436,0.11651464557047131,-0.05838058313350216,15.075985573895569,17.961317228929932,0.23863732280992897,0.7311467289414105,0.14223327159566604,0.22324175374368402,1.0,0.9975,0.09722222222222222,0.2682926829268293,0.47715736040609136,0.06808899709448141,0.09175494959339503,0.2657324700006189,0.15215992482758914,0.23863732280992897,1.0,0.9975,0.09856634958826363,0.32000497936121036,0.495,0.08468724212716754,0.09515073871451947,0.27579091026625857,-0.05838058313350216,0.08603572309002487,0.037306145088635397,25.995,400.35675879396985,0.14223327159566604,0.029757631030370317,1.0,7.0915224116957165e-15,1.6697754290362354e-13,44621.0,345.39465058426106,200,197,3,200,0,0.7797423400959613,0.8762418272904815,0.12375817270951855,15.075985573895569,38.5107466105253,0.9624999999999999,36.25537330526265,0.10496796416485883,172.2483971353029,31.738665384470515,166.99998598158948,38.920758486547,5.24841115371342,-7.182093102076486,8.89540785828947,0.025754330135809047,0.15623370114561924,0.3275,0.2475,0.08000000000000002,-8.489253389474854,-0.049644756663595635,0.06229636784301672,4,1,3,3,0.10000000000000003,1.3605247844257524,45.725539909332944,0.20114731925578397,0.15273077698841353,0.19582165190739925,0.15784047869837073,0.15273077698841353,25.38314343439801,27.922452435493646,0.3251230315329689,0.7975910181988481,0.20114731925578397,0.3054741699900155,1.0,0.0075,0.12359550561797752,0.5531077195310777,0.6482412060301508,0.16980273091717785,0.11106396993645588,0.32076289963524157,0.23774326600258056,0.3251230315329689,1.0,0.0075,0.17078559376676455,0.5790688093924992,0.9,0.20212146093352293,0.1625633220684801,0.34742292629030447,0.15273077698841353,0.15273077698841353,0.06656916026086372,35.215,855.0037939698493,0.20114731925578397,0.053121165015014224,1.00909821142127,20.152209796790896,0.4673215065091463,44621.0,348.63824895070763,200,199,1,200,0,0.6741661732780738,0.8053754567959448,0.19462454320405517,25.38314343439801,55.62896575525276,0.9624999999999999,46.11325056766939,0.13226675703671611,174.34155388972124,39.521008030909314,166.27331400914966,30.61629144522105,8.068239880571582,8.904716585688263,12.016258662407255,0.03446626610411349,0.22606155706252584,0.35250000000000004,0.2725,0.08000000000000002,25.40172864249884,0.14566920670150313,0.06090907891953166,4,2,2,2,0.05500000000000008,1,1.0,0.9191418454488648,0.023983315954118872,0.03899721448467967,1.5672542620144947,1.200409636164158,0.015373927074695771,0.9527822662802303,0.6152489185333252,17,44621,2.0872093023255816,1.7450998218131992,0.6530299126316876,True,True,0.4260800441655798,1.0,1.0,0.869582732518514,-0.05891404766011793,-0.04132583312789942,-0.2111113601219157,0.0708663704945367,0.1055761668178875,-0.08648570872303993,-0.06669505389838866,-0.06644428925743762
12,241,231,UM_1807393061_Fagaceae_Quercus_suberoides,UM_1807393061_Fagaceae_Quercus_suberoides#241,False,1.0549320094970862,8.170985252709738,0.0707084438649686,0.02673178929678063,0.03519561349694091,0.06391471036185074,0.02673178929678063,5.347961243251708,6.623966517282747,0.09860701870070766,0.894408586472875,0.0707084438649686,0.10780726333505514,0.7014925373134329,0.0025,0.05263157894736842,0.10638297872340426,0.1319796954314721,0.1116055629722488,0.05169137569345304,0.0475056238514101,0.0691037488535414,0.09860701870070766,0.4770603840698696,0.0025,0.05636230449444285,0.10792459459404517,0.11616161616161616,0.10153733853812376,0.05477726757815069,0.05021909124290702,0.02673178929678063,0.028359855049629748,0.021930702169003728,6.085,29.887211055276374,0.0707084438649686,0.00665651139191702,1.0,3.5457612058478583e-15,6.750155989720952e-14,19041.0,217.5277031747176,200,197,3,198,2,0.885168998837256,0.9390871581096601,0.06091284189033987,5.347961243251708,18.128294594655046,0.0025,18.128294594655046,0.0833378660744395,100.39800290103868,23.883380033900398,103.76729965962845,24.202742406967765,-3.369296758589769,-0.31936237306736714,3.384398465425539,0.015558471017860195,0.06772126642351965,0.5025,0.3775,0.12499999999999994,-1.8717054053449829,-0.015597545044541524,0.08093673674632731,3,2,1,1,0.09500000000000003,1.0308233788395904,9.63405418294915,0.0804993021144813,0.015177774276561105,0.023336695348587014,0.07609894438317315,0.015177774276561105,4.870096725259888,6.116731208579798,0.08523583357250664,0.9115087092182635,0.0804993021144813,0.10922743358261969,0.5111111111111111,0.0025,0.06896551724137931,0.15517241379310345,0.2222222222222222,0.11005294319899535,0.05707394849562277,0.07382206190190008,0.060467700610223704,0.08523583357250664,0.4280563323860084,0.0025,0.04980890647718858,0.10866098274477283,0.12121212121212122,0.08041051878387134,0.053860526570369376,0.04662008013323899,0.015177774276561105,0.024578541043012447,0.014689223255081141,7.245,40.527613065326626,0.0804993021144813,0.005478162091437351,1.0002042044787973,1.1498107525955938,0.13340461010276217,19041.0,217.57959605091943,200,198,2,198,2,0.8939412459764495,0.9440010326355872,0.055998967364412795,4.870096725259888,15.415220552354235,0.0025,15.415220552354235,0.07084864956154557,100.65863961432203,24.02797045640539,103.54450045562372,24.03271319412499,-2.8858608413016924,-0.0047427377195994325,2.8858647385003318,0.013263489733775231,0.06046435899700325,0.5025,0.34750000000000003,0.15499999999999992,-2.511697098155473,-0.020800977169833434,0.08456871423654828,3,2,1,1,0.08500000000000002,1,1.0,0.9399974978105843,0.050682261208576995,0.08144796380090498,1.2477320782159813,1.088026819799524,0.0,0.9918656454366797,0.9735518097877502,17,19041,1.8264462809917354,1.765198552018624,0.937784424903283,True,True,0.872406530730951,1.0,1.0,1.0,-0.009790858249512688,-0.012184234021322404,0.011554015020219525,-0.004913874525927064,-0.008772247139193556,0.013371185128201027,0.0037813140066173014,-0.017100122745388524
12,243,235,UM_1807393061_Fagaceae_Quercus_suberoides,UM_1807393061_Fagaceae_Quercus_suberoides#243,False,1.2888114772883532,37.92868307758655,0.15066508777544727,0.12618403925102634,0.14614356019199726,0.13111044357664964,0.12618403925102634,18.561290004559677,20.838346655339297,0.291100655166021,0.8937532429227181,0.15066508777544727,0.2162210358770997,1.0,0.0025,0.12359550561797752,0.26661290322580666,0.5873015873015873,0.11364226986988817,0.1405286597696115,0.19159467062763338,0.18900480323450577,0.291100655166021,1.0,0.0025,0.12525928404808045,0.4143812493906663,0.6,0.24293476325608213,0.1394248996816393,0.1839147482053053,0.12618403925102634,0.12618403925102634,0.055503704816261136,32.735,368.8490201005025,0.15066508777544727,0.024179501552028464,1.0,7.091522411695729e-15,1.5631940186722204e-13,49935.0,365.8616988952627,200,189,11,200,0,0.7779789618899811,0.8751272974152563,0.12487270258474371,18.561290004559677,35.47602402950122,0.9875,33.288313448726555,0.09098605716105908,192.49394530341763,42.30992324599033,188.90526305760943,34.86113085548825,3.588682245808201,7.448792390502085,8.268201033972309,0.0225992528295215,0.0794155302650652,0.5125,0.2675,0.24499999999999994,24.476024029501076,0.12747929182031809,0.054382267482949054,2,3,1,1,0.08250000000000002,1.2008462250429723,33.19962349184099,0.12520692132275305,0.09125863622709522,0.1041538761814525,0.11112446180034044,0.09125863622709522,15.477889148595986,17.767740696719574,0.2670695628541334,0.8720806389704973,0.12520692132275305,0.18518940526996458,1.0,0.9975,0.1048951048951049,0.23255686489449173,0.5343915343915344,0.09553748383516156,0.11144570585574609,0.1645917418926799,0.16270339329253092,0.2670695628541334,1.0,0.9924999999999999,0.10034606129752074,0.3604057439018921,0.51,0.20835202885703483,0.10607109627952145,0.17284179657666307,0.09125863622709522,0.09125863622709522,0.035991038349854815,27.745,334.10047738693464,0.12520692132275305,0.01871737641476538,1.0002631114419531,3.2541147669291863,0.11733156476523177,49935.0,365.97398178802314,200,189,11,200,0,0.8112860443227518,0.8958121737487305,0.10418782625126957,15.477889148595986,34.88285753885702,0.9924999999999999,32.92512713735398,0.08996575925013336,193.4885317397965,41.44696054459032,187.8370823273755,35.760228155526825,5.651449412421016,5.6867323890634935,8.017344056854341,0.02190686894648727,0.06363003723031262,0.5075000000000001,0.2675,0.24000000000000005,18.15475612815446,0.09418952510966477,0.05082783201974615,2,2,0,0,0.16000000000000006,4,0.9990788024431762,0.9175115121806299,0.0049261083743842365,0.005249343832020997,1.4848863881619843,1.2310905531612009,0.0,0.9850007646224078,0.9140087366104126,17,49935,1.9740932642487046,1.7352811378187718,0.7792497508679734,True,True,0.7137636729203862,0.7345368361045317,1.0,1.0,0.02545816645269422,0.019985981776309197,0.034925403023931115,-0.020684876333474156,-0.033307082432770696,0.024031092311887603,0.034925403023931115,0.021672603952220815
12,245,241,UM_1807393061_Fagaceae_Quercus_suberoides,UM_1807393061_Fagaceae_Quercus_suberoides#245,False,1.5742954739538855,15.679445143244068,0.26857239919359016,0.22308840603748548,0.21548851946383452,0.282468070990214,0.22308840603748548,13.41489291399566,15.885631348623365,0.31334646426051904,0.5272327961718352,0.26857239919359016,0.31319361229482107,0.8633540372670807,0.9975,0.2676056338028169,0.42857142857142855,0.8053097345132744,0.12025094382749933,0.3692359273524159,0.3074020997870233,0.2631930576063953,0.31334646426051904,0.8137000844733713,0.9975,0.24493087222980137,0.4267490540479832,0.7876106194690266,0.1139307800246724,0.3670331419921271,0.2997961034085546,0.22308840603748548,0.25111958865483497,0.10909396251451318,8.515,174.21082914572864,0.26857239919359016,0.026190882898442524,1.0,3.5457612058478583e-15,6.306066779870889e-14,6029.0,114.38962432182615,200,113,87,113,87,0.5900827856959973,0.742203853792067,0.257796146207933,13.41489291399566,25.471197972639075,0.5125,24.029028928144513,0.21006301113937348,59.89713762858809,18.008042707502067,60.72995278734631,10.892923643911036,-0.8328151587582227,7.115119063591031,7.163693207957331,0.0626253757753662,0.3109842779774048,0.5625,0.6825000000000001,-0.1200000000000001,12.471197972639075,0.15988715349537275,0.49061883273499324,14,5,9,9,0.08000000000000003,1.2496268656716418,13.089499608464795,0.24546052428591222,0.11096367556808757,0.09181884378179747,0.24067009454304197,0.11096367556808757,10.704787671814438,12.587942555019493,0.35765989544940474,0.38741593907493305,0.24546052428591222,0.3296983225923704,1.0,0.0125,0.2,0.48090225563909766,0.717948717948718,0.20391521266940524,0.2976711109420115,0.23667214064022116,0.27292565513868206,0.35765989544940474,1.0,0.0025,0.22481975521944694,0.513271752246424,0.8040201005025126,0.25157386131207243,0.3208547500917619,0.24777907326454252,0.11096367556808757,0.14131696798805773,0.059762398407696135,7.255,119.29645728643217,0.24546052428591222,0.048699857798010456,1.0054060556002238,4.9588290762585885,0.42253216418243955,6029.0,115.00688823611304,200,195,5,199,1,0.6735877605917956,0.804962579737807,0.19503742026219298,10.704787671814438,34.57696702992733,0.3775,18.730599163687696,0.16286502009543238,60.84630632361354,16.6507980166142,59.756566992547334,12.056006183240099,1.0897393310662054,4.594791833374101,4.72224986650579,0.041060582882747436,0.36587511889063645,0.5874999999999999,0.7124999999999999,-0.125,6.896335708298025,0.08957419940708651,0.4447703813892945,2,4,2,2,0.08500000000000002,1,1.0,0.8496164423216095,0.06962025316455696,0.10126582278481013,1.416658949727014,1.1370084364541666,0.0,0.9531682519351735,0.7212927341461182,17,6029,1.5443037974683544,1.37098146315277,0.6073566416702926,True,True,0.3563695065211213,1.0,1.0,0.9284959634145101,0.023111874907677937,0.04179797644717201,0.1121247304693979,-0.06275872594574006,-0.08350497489579833,-0.0443134311888857,0.10980262066677723,0.13981685709690211
12,247,243,UM_1807393061_Fagaceae_Quercus_suberoides,UM_1807393061_Fagaceae_Quercus_suberoides#247,False,1.619265331861895,23.554405108174564,0.2605470364425002,0.2364271096665463,0.2605470364425002,0.23991814132659203,0.2364271096665463,19.53390695087891,20.716256385307805,0.30966631733229094,0.8787743895523787,0.2605470364425002,0.2944321022823398,1.0,0.8875,0.20773398094526435,0.44879227053140097,0.9945054945054945,0.22787475645849753,0.1784887262829233,0.41574889826821954,0.26751315665194686,0.30966631733229094,1.0,0.8875,0.20655843047531486,0.48530125698050536,0.9895833333333334,0.22258313234870805,0.17671341717058553,0.42010797756867313,0.2364271096665463,0.23817262549656915,0.12977398579511257,19.93,158.39708542713566,0.2605470364425002,0.01890940247120452,1.0,0.0,0.0,16614.0,203.47211583728358,200,182,18,192,8,0.6271880520314759,0.7708857636318777,0.22911423636812236,19.53390695087891,32.63902655913324,0.7975000000000001,27.493962611053515,0.13512398245782437,87.34632819116848,28.107459925462834,84.58868675855818,18.874874234228113,2.757641432610299,9.232585691234721,9.635622700004452,0.04735598615247137,0.12317162349107096,0.6174999999999999,0.5575000000000001,0.05999999999999983,19.639026559133242,0.17692816719939858,0.09479044128092205,2,2,0,0,0.05000000000000002,1.171764705882353,12.483188695201239,0.1021489461522601,0.0790899241603467,0.07770681350692682,0.1054532322137956,0.0790899241603467,7.287341932200776,9.064828713771877,0.23638214115706863,0.8743551656914653,0.1021489461522601,0.12611552414071475,0.5,0.0025,0.08571428571428572,0.1973831775700935,0.42696629213483145,0.12223030114058729,0.055111418216996166,0.1412384141413601,0.137244058281209,0.23638214115706863,1.0,0.9525000000000001,0.08833286869133408,0.2163857865769107,0.4536082474226804,0.1220886110257128,0.03380036352174824,0.26581289139994113,0.0790899241603467,0.08811845431563742,0.053532562898760086,8.76,79.48984924623116,0.1021489461522601,0.0055016262418646125,1.0064988952174903,9.816755839739926,0.4195749619938127,16614.0,204.8332168278444,200,178,22,194,6,0.8394675681386013,0.9127288598929498,0.08727114010705014,7.287341932200776,18.475868916818087,0.20750000000000002,17.960104739898842,0.08768160271092026,85.25712465089762,24.99540996571761,88.5563451732254,21.888215799853597,-3.299220522327772,3.107194165864012,4.532053799253501,0.02212558035966668,0.034354414495082974,0.20750000000000002,0.5974999999999999,-0.3899999999999999,4.78569346563966,0.04119265177956271,0.11829325168152727,2,2,0,0,0.06499999999999996,1,1.0,0.9110727510649553,0.05964214711729622,0.11607142857142858,1.2929195206973836,1.0881117069113126,0.0,0.9820757753708783,0.9209839701652527,17,16614,1.7946428571428572,1.6933399869136503,0.8902873880774606,True,True,0.7811810866516885,1.0,1.0,1.0,0.1583980902902401,0.13446490911279643,0.15733718550619957,-0.14184309626107217,-0.21227951610712548,0.07328417617522232,0.15005417118093173,0.004419223860913424
12,248,247,UM_1807393061_Fagaceae_Quercus_suberoides,UM_1807393061_Fagaceae_Quercus_suberoides#248,False,0.8944092219020173,13.178770807628457,0.1213288493170859,-0.05573810393087501,-0.03469777567363732,0.11123281002799075,-0.05573810393087501,7.831897842017039,10.522783914865476,0.20929634262792204,0.6713913941954723,0.1213288493170859,0.19558306917134413,1.0,0.9975,0.08284313725490196,0.2,0.4444444444444444,0.12171355241804274,0.08943628834223308,0.15237218249287832,0.12093867262614012,0.20929634262792204,1.0,0.0075,0.07370767233462941,0.19316229748436933,0.4371859296482412,0.12649779317384463,0.08207341246351031,0.15374770567964868,-0.05573810393087501,0.0832420591456736,0.050364488256054524,9.14,90.59336683417087,0.1213288493170859,0.02365149928647299,1.0,0.0,0.0,16434.0,213.74055200258496,200,198,2,199,1,0.8154953665035994,0.8983722917168707,0.10162770828312923,7.831897842017039,31.80855552389113,0.9875,27.904277761945565,0.13055209926475764,114.69546397702648,19.34144750031391,104.755295899199,22.142638664567404,9.94016807782748,-2.801191164253492,10.32732362977709,0.04831710002158221,0.15056728169021394,0.6475,0.3125,0.33499999999999996,-7.19144447610887,-0.0698198492826104,0.07553595795306477,3,2,1,1,0.08499999999999999,0.8679245283018868,15.327752607606897,0.1492558195836064,-0.0707070707070707,-0.051920490552310794,0.1364244858220762,-0.0707070707070707,10.62814610808823,13.370890026992765,0.24833446104141219,0.533359654629186,0.1492558195836064,0.22298373060499166,1.0,0.9975,0.12359550561797752,0.2602608695652174,0.5555555555555556,0.1648762736302659,0.10667426037694124,0.17604766129415914,0.16432988384105443,0.24833446104141219,1.0,0.0025,0.12271036584830193,0.2506394223555238,0.59,0.2160098876516765,0.11340944612465745,0.1628103112137487,-0.0707070707070707,0.10289643422173543,0.0635794693927224,11.21,109.82502512562813,0.1492558195836064,0.027583756335630427,1.0006344900168658,2.589469316867926,0.21365406424521738,16434.0,213.92912970354826,200,198,2,200,0,0.7583350090488639,0.8625603257016079,0.13743967429839207,10.62814610808823,32.34067126094698,0.9775,31.03284238862713,0.1450613220912496,116.32941971984688,18.657095744217933,103.81178930479938,23.01809691046825,12.517630415047506,-4.361001166250315,13.255542326881953,0.06196230660710295,0.15677644504970784,0.6725000000000001,0.3175,0.3550000000000001,-9.878877207517569,-0.09375240932101431,0.07060765139124837,3,2,1,1,0.07749999999999993,1,1.0,0.9180532682151172,0.02247191011235955,0.027649769585253458,1.4071720084739794,1.1784920464716315,0.0,0.9831977416487301,0.9109243750572205,17,16434,2.0865384615384617,1.8562042033947042,0.7952513578899165,True,True,0.6145707564738678,1.0,1.0,1.0,-0.027926970266520496,-0.025191675794085447,0.014968966776195691,0.03581196601526282,0.05716035745473558,-0.03903811841349014,-0.019654375076061825,0.13803173956628634
12,250,249,UM_1807393061_Fagaceae_Quercus_suberoides,UM_1807393061_Fagaceae_Quercus_suberoides#250,False,1.1018594390167034,28.655365989636216,0.11420068028813862,0.04846158459785282,0.07273869786277018,0.08750674743597434,0.04846158459785282,9.111982560715676,11.929123421956906,0.20639096887452624,0.8293670540835862,0.11420068028813862,0.2110195290923208,1.0,0.9975,0.06756756756756757,0.19813953488372096,0.3165829145728643,0.0939040372377405,0.040586170853359464,0.20671017378099982,0.11188426580514489,0.20639096887452624,1.0,0.9975,0.06414171684114327,0.1863364971564042,0.315,0.08734509252838175,0.04056148213076142,0.20668170359697233,0.04846158459785282,0.04846158459785282,0.022937083908114917,14.59,611.3184924623116,0.11420068028813862,0.031646473786536185,1.0,7.0915224116957165e-15,5.1514348342607263e-14,33346.0,283.6883963998373,200,199,1,200,0,0.8546115591959547,0.9216070664052818,0.07839293359471822,9.111982560715676,38.124204119284116,0.9775,37.06210205964206,0.130643701081823,141.33065621900204,31.928700080350268,140.48981133389148,32.089300398599335,0.8408448851105561,-0.16060031824906673,0.856044731914335,0.0030175528600324027,0.16444946011796582,0.5175000000000001,0.6225,-0.10499999999999998,8.124204119284144,0.049537829995635024,0.05876536093982795,2,1,1,1,0.09499999999999997,1.3156944444444445,39.22193263978714,0.17522643746091646,0.1363281952857914,0.16523618349674898,0.14682420680141547,0.1363281952857914,18.638837856900903,20.887506510143147,0.2666779537294757,0.8505494716124995,0.17522643746091646,0.25427867153318756,0.9951456310679612,0.9975,0.12984324164448388,0.37343557442147063,0.615,0.20837847022103448,0.10991101092975834,0.20641497411955126,0.1956206226453078,0.2666779537294757,0.9785829127474935,0.9975,0.15473364086983,0.38044008671835877,0.745,0.2418467409571146,0.13168653640643652,0.21237435047925474,0.1363281952857914,0.1363281952857914,0.06877736460145145,24.48,943.8086432160802,0.17522643746091646,0.03412395820245046,1.0028705952547832,9.294031417950794,0.2581048072104615,33346.0,284.4841703303411,200,200,0,200,0,0.7248744787677645,0.8404953377078297,0.1595046622921703,18.638837856900903,40.41257130342372,0.9975,39.72504752439516,0.13963886805465028,141.2683418590338,35.41732368436882,141.34374846846956,28.37815575065099,-0.07540660943575972,7.0391679337178275,7.039571816227739,0.02474503874171078,0.2042085248771455,0.5275000000000001,0.6275,-0.09999999999999987,24.310219565665633,0.14730793259334368,0.054849974096135526,2,1,1,1,0.08499999999999996,1,1.0,0.931799251782311,0.023323615160349854,0.048484848484848485,1.3109481001756667,1.1402037266504177,0.0,0.9855484576786265,0.9016854763031006,17,33346,1.8,1.5025030508199142,0.7437738750388931,True,True,0.533104016361491,1.0,1.0,1.0,-0.061025757172777834,-0.05931745936544114,-0.08786661068793858,0.08111172869745209,0.1297370804281902,-0.06028698485494949,-0.08786661068793858,-0.021182417528913255
12,252,256,UM_1807393061_Fagaceae_Quercus_suberoides,UM_1807393061_Fagaceae_Quercus_suberoides#252,False,0.8775032509752926,22.113005223171275,0.12942933756631272,-0.06524449369718797,-0.0769911135827251,0.11585168767604008,-0.06524449369718797,11.69556181830923,14.261243640872207,0.20101735069778814,0.5776263816186419,0.12942933756631272,0.20561349484145333,0.9741935483870968,0.9975,0.08594274552890191,0.22153045288912038,0.453125,0.09339130857826314,0.07978692648557976,0.21510977763509537,0.1295122681831786,0.20101735069778814,0.880388498286697,0.9975,0.08861210302356534,0.22799729342085273,0.4479166666666667,0.08772149164469065,0.0816795199470595,0.21913579295778565,-0.06524449369718797,0.06524449369718797,0.019396846285265737,12.545,333.2743467336685,0.12942933756631272,0.02565859435030298,1.0,7.0915224116957165e-15,3.019806626980426e-13,21657.0,192.18393641376616,200,192,8,192,8,0.8081888463559258,0.8939208401652103,0.10607915983478965,11.69556181830923,35.33515143318118,0.9875,34.33515143318118,0.1786577591961622,87.39382018388905,27.347638667918464,99.50623865323048,31.159209873504274,-12.112418469341435,-3.8115712055858104,12.697982368537703,0.06607202769121834,0.059235979458603094,0.3975,0.6575,-0.25999999999999995,-9.335151433181068,-0.06574050305057089,0.33245830735585213,7,8,1,1,0.04928571428571429,0.8589699570815451,16.381544493728303,0.1275698877657761,-0.07586461652121716,-0.08920289596591215,0.1154822920995521,-0.07586461652121716,11.162908363336676,12.941181671476558,0.16396423178945227,0.7616244345836182,0.1275698877657761,0.1852505481640406,0.9555555555555556,0.9975,0.09918032786885246,0.21698064516129026,0.49,0.07558537737416786,0.08644613719349882,0.22006436140768734,0.11606158067039045,0.16396423178945227,0.8431892276890123,0.9975,0.09277352114905493,0.16261943187728534,0.45,0.07815091349909735,0.092346416445189,0.177333454391882,-0.07586461652121716,0.07586461652121716,0.020262386295424116,12.505,112.54268844221107,0.1275698877657761,0.018134361136185745,1.0019525319294167,3.397036237017667,0.40539479492619623,21657.0,192.58755437978272,200,200,0,200,0,0.8202696695806786,0.9012617012617012,0.09873829873829874,11.162908363336676,43.122326792292,0.8175000000000001,40.70733271325056,0.21137052622297536,88.7300795334246,26.963265257846057,98.90452236235102,31.290376027568488,-10.174442828926416,-4.327110769722431,11.056363529322832,0.05740954323309844,0.054421483898065635,0.3875,0.6775,-0.29,-10.230060932656485,-0.0737793653279478,0.19182126803397956,3,2,1,1,0.06250000000000003,1,1.0,0.93410844242411,0.036585365853658534,0.07692307692307693,1.3435586364080985,1.1733032240132095,0.0,0.9846833698889789,0.8794445395469666,17,21657,1.4335664335664335,1.2935102031807144,0.8566622743289193,True,True,0.7198143311280696,1.0,1.0,1.0,0.0018594498005366222,0.00036939557648797694,0.010620122824029188,-0.007340861096490903,-0.01208082322475279,0.037053118908335875,-0.010620122824029188,-0.1839980529649763
12,254,266,UM_1807393061_Fagaceae_Quercus_suberoides,UM_1807393061_Fagaceae_Quercus_suberoides#254,False,1.0092748735244519,30.843962131995948,0.07361764260484358,0.004616030214015947,-0.011283138500401801,0.0795216114141838,0.004616030214015947,7.552330973642331,8.769892898378462,0.08493883871826235,0.8541747698983003,0.07361764260484358,0.08962107025968392,0.43817787418655096,0.9975,0.07317073170731707,0.13253012048192772,0.3248730964467005,0.0644760720576591,0.03864586756113162,0.11679969734969127,0.07305168889155911,0.08493883871826235,0.1449432144460032,0.7525,0.07630541170994805,0.12996488017468982,0.31155778894472363,0.07013448112962459,0.040787598840159124,0.10770789270767964,0.004616030214015947,0.024059308994264932,0.010591341446356133,11.37,826.2041206030151,0.07361764260484358,0.002625707395734461,1.0,7.0915224116957165e-15,1.1546319456101628e-13,28596.0,249.7251133212505,200,197,3,199,1,0.8734776451547643,0.9324665788393841,0.06753342116061595,7.552330973642331,17.538128947966385,0.7324999999999999,13.691106098395569,0.05482470671975671,131.61490515522377,29.643564320224534,135.20301533906687,29.793094828114743,-3.5881101838430993,-0.1495305078902085,3.591224591165034,0.014380710627790259,0.06650212666721962,0.4975,0.4675,0.02999999999999997,3.4618710520335867,0.02247968215606225,0.06282023419448345,2,2,0,0,0.2125,0.8233756296626921,28.965151475523136,0.13152294050316293,-0.09686669464260736,-0.12143499739101268,0.12561197370261576,-0.09686669464260736,15.969545444339037,17.555899490901435,0.17564386329633655,0.8894943933577132,0.13152294050316293,0.16041819889842399,0.41379310344827586,0.037500000000000006,0.12310606060606061,0.25161290322580643,0.5454545454545454,0.12436713246431588,0.07010839294214725,0.19896305485468663,0.15552524070159693,0.17564386329633655,0.41101451866773064,0.037500000000000006,0.14125249786018507,0.25880681788337906,0.6934673366834171,0.17070081870275625,0.09289580860126825,0.20227082832167417,-0.09686669464260736,0.107287732550007,0.043626905860959575,17.96,519.0134673366836,0.13152294050316293,0.00847853554581079,1.0039117388453256,9.458347836123869,0.29946768985344785,28596.0,250.709166893084,200,198,2,199,1,0.7498686284813453,0.857057057057057,0.14294294294294294,15.969545444339037,33.94849550747905,0.7575000000000001,28.382398821399867,0.11320846051673757,133.949496560008,26.077252468955123,134.61519678124347,33.17262913618637,-0.6657002212354826,-7.09537666723125,7.126536805099838,0.028425513488060772,0.05379766115164696,0.5125,0.47750000000000004,0.03499999999999992,-14.678264065106347,-0.09509207320478102,0.06688015430155982,2,2,0,0,0.20249999999999999,1,1.0,0.9162855567448347,0.04057971014492753,0.07096774193548387,1.3972193261262913,1.178978628676901,0.0,0.9881498918813818,0.9678001403808594,17,28596,1.7870967741935484,1.4831640764269762,0.8047022013253156,True,True,0.6301947450238724,1.0,1.0,1.0,-0.05790529789831936,-0.046090362288431955,0.10148272485662331,0.07540952178232707,0.12360901667341906,-0.0907050245780742,-0.08322842355574206,-0.03531962345941286
12,256,275,UM_1807393061_Fagaceae_Quercus_suberoides,UM_1807393061_Fagaceae_Quercus_suberoides#256,False,1.0357071878105333,11.112830422534126,0.05359466191499095,0.017540434117608774,0.008729733117638926,0.051514855673793485,0.017540434117608774,5.783668423919757,7.446451241503223,0.06695676725833417,0.9515082942819012,0.05359466191499095,0.08051544255638843,0.6111111111111112,0.9975,0.042071197411003236,0.09918850853465162,0.08808290155440414,0.02947827411542375,0.055238976871807094,0.07871588183867656,0.05159149614327715,0.06695676725833417,0.23045869233798807,0.9075,0.04402555713526433,0.09997729223123333,0.10050251256281408,0.027815160327192133,0.056215401907836415,0.07110417370716784,0.017540434117608774,0.029841517784503238,0.01367885385141072,7.915,61.15354271356785,0.05359466191499095,0.003629152603770303,1.0,7.0915224116957165e-15,1.1013412404281553e-13,30729.0,264.5360832465249,200,193,7,199,1,0.9048018452505766,0.9500220167327169,0.04997798326728314,5.783668423919757,17.09431322907261,0.5225,14.642234008189437,0.05535061163865548,121.58732873530751,33.4600387944007,123.69698447756532,31.347245505370946,-2.1096557422578144,2.1127932890297565,2.9857231675107703,0.011286638597156262,0.06250845516138473,0.3675,0.4225,-0.05499999999999999,8.094313229072597,0.050907630371525764,0.053442576041699184,2,2,0,0,0.06999999999999992,0.9345882649206749,14.981822319063859,0.09007337629759342,-0.03381170880926812,-0.05303492859889571,0.07117055550131797,-0.03381170880926812,6.946609508714248,10.470317446090295,0.12943162173605632,0.9097254734838526,0.09007337629759342,0.13206337535385762,0.5873015873015873,0.9975,0.04927184466019417,0.2292730389658529,0.32323232323232326,0.0516607123195359,0.03830249107184735,0.18223532878111798,0.08088339264966177,0.12943162173605632,0.4322817819648334,0.9125000000000001,0.02642891708370635,0.2132243480456278,0.32,0.017805765179946056,0.020366410660426305,0.20357476357146012,-0.03381170880926812,0.03504832568583423,0.009057649126232551,10.935,105.40781407035175,0.09007337629759342,0.009374869819577625,1.0018612518718224,6.480994942420039,0.28665753315345,30729.0,265.0252500441627,200,198,2,200,0,0.885564995413027,0.9393099655194297,0.0606900344805703,6.946609508714248,25.517112523540646,0.7224999999999999,21.151803268489353,0.07981052094079603,120.24126752374562,31.802703849291973,125.17999950375975,33.0687511381943,-4.938731980014126,-1.2660472889023282,5.098426159919469,0.01923751098836767,0.0930788299340995,0.3825,0.6625000000000001,-0.2800000000000001,0.030996561171349413,0.00019279569974411568,0.05142142321212641,2,2,0,0,0.05750000000000005,1,1.0,0.932090055824796,0.01911764705882353,0.05625,1.3081984886523639,1.143458881421147,0.0,0.9886122275801266,0.9209158420562744,17,30729,1.7125,1.6481144186239007,0.9255992914388359,True,True,0.8484942501537862,1.0,1.0,1.0,-0.036478714382602466,-0.019655699827524485,0.0513521429268769,0.010712051213287221,0.019236849837549586,-0.06247485447772215,-0.00520680790133099,0.041782820798048625
12,258,283,UM_1807393061_Fagaceae_Quercus_suberoides,UM_1807393061_Fagaceae_Quercus_suberoides#258,False,0.5435256503415201,63.23151903916274,0.2882666234317106,-0.29573486489031164,-0.2880623386043102,0.29586040234755046,-0.29573486489031164,35.93471128161295,46.14144388568633,0.37319719029312154,-0.19311977329147229,0.2882666234317106,0.36605604315522977,1.0,0.9875,0.2720306513409962,0.5723633407843942,0.8291457286432161,0.09933185953509904,0.22631593825119442,0.5354075135673886,0.29014262062182616,0.37319719029312154,1.0,0.0025,0.27323112808673944,0.5666565687575843,0.795,0.10808530034919686,0.22345559307647164,0.5378916396704763,-0.29573486489031164,0.29573486489031164,0.08658310579669211,47.135,1785.4439949748744,0.2882666234317106,0.05115644812425768,1.0,0.0,0.0,31863.0,268.23901218085683,200,199,1,200,0,0.5551932482976887,0.7139861864824865,0.2860138135175136,35.93471128161295,119.2156375166384,0.9924999999999999,106.02504044487597,0.395263312308166,123.05780516653803,23.802544301543428,153.48602906053,41.78328756750308,-30.42822389399197,-17.980743265959653,35.34379631193086,0.1317623265332514,0.28548131975705715,0.3575,0.9924999999999999,-0.635,-56.43127503327679,-0.31006195073229004,0.059598626623918224,1,1,0,0,0.044999999999999984,0.5860129417620706,54.16082532606016,0.27394262746502207,-0.26102375796378247,-0.26369625380398537,0.26849323666949126,-0.26102375796378247,30.328954556486252,38.52023056352662,0.3425506495925545,0.1730510224689097,0.27394262746502207,0.3497540834461026,1.0,0.9875,0.21311475409836064,0.5744932205665193,0.7738693467336684,0.1214157295942999,0.19292339355772312,0.5040029960821771,0.26395014935837674,0.3425506495925545,1.0,0.0025,0.2043551682594124,0.5187848282793648,0.79,0.1267301376487758,0.18304926839603602,0.48086356619505966,-0.26102375796378247,0.26102375796378247,0.07713091987571793,42.775,1109.2405778894472,0.27394262746502207,0.047522160571777286,1.0014650270328904,5.2434638260304345,0.30737624060314506,31863.0,268.6669087031538,200,199,1,200,0,0.6104409630111617,0.7581041181041182,0.2418958818958819,30.328954556486252,101.3069268419034,0.9475,83.24305948305847,0.30983741125719555,125.9837346940755,24.479811281902755,152.18666593080076,40.64496869485459,-26.202931236725263,-16.165157412951835,30.788080803812118,0.11459573102033725,0.24177726968516203,0.3625,0.9425000000000001,-0.5800000000000001,-54.63146388724033,-0.2997194283517819,0.07096604812264679,1,2,1,1,0.024999999999999967,1,1.0,0.8901109775924224,0.02230971128608924,0.04371584699453552,1.4143429494192943,1.1478538965517762,0.0,0.9740664327845854,0.9238148331642151,17,31863,1.4972677595628416,1.1340615476769078,0.4968168884422333,True,False,0.22616075476545336,1.0,1.0,1.0,0.01432399596668854,0.02736716567805919,-0.03471110692652918,-0.04411793162163169,-0.055247714713473006,0.03064654070056705,0.03471110692652918,-0.366170795760382
12,260,285,UM_1807393061_Fagaceae_Quercus_suberoides,UM_1807393061_Fagaceae_Quercus_suberoides#260,False,1.2501586629997885,30.94276975320729,0.21328326116629404,0.11117378837023457,0.10334312732867156,0.187984769426033,0.11117378837023457,16.611895520466927,20.96813964239652,0.2732409306039863,0.48192800485365783,0.21328326116629404,0.27564089488866816,0.9300699300699301,0.0025,0.1588785046728972,0.4589755422242731,0.6358974358974359,0.23375715084292437,0.18665755870796416,0.2195017410681576,0.21313840227924363,0.2732409306039863,0.6541130945737219,0.3425,0.15581845303760075,0.4669194266603284,0.6446700507614214,0.22834766765471995,0.18571778890674762,0.2254937101296784,0.11117378837023457,0.11117378837023457,0.04427643021670662,19.995,560.4572613065326,0.21328326116629404,0.03064530887140599,1.0,7.0915224116957165e-15,6.483702463810914e-14,21273.0,223.0682910865553,200,195,5,197,3,0.6968740671243976,0.821362151294295,0.17863784870570495,16.611895520466927,55.599613038766364,0.3425,31.318038704001783,0.14039664064961035,114.02704863904944,28.935224067399094,107.87899039427312,25.499431898217832,6.148058244776323,3.435792169181262,7.0429601738877805,0.031573112160324754,0.06515011578717361,0.40750000000000003,0.4925,-0.08499999999999996,-4.400386961233636,-0.029141635504858515,0.12496579725443269,2,2,0,0,0.049999999999999975,0.8477373403978111,19.993123817953013,0.17567873431140776,-0.08240492643256711,-0.11106346829454226,0.14445541296479106,-0.08240492643256711,17.785513939092404,21.252847444832565,0.291841649769793,0.6183572035232661,0.17567873431140776,0.2742158651742851,0.96,0.2725,0.11427474215492649,0.3683574879227053,0.5561224489795918,0.3168763641179771,0.1634088695388309,0.03837031967569218,0.21025395693800222,0.291841649769793,0.9811977689995032,0.28250000000000003,0.187263608618227,0.3440291636369316,0.7142857142857143,0.3468242731197197,0.20065905557270858,0.0750643110004517,-0.08240492643256711,0.08334508531941898,0.05398122032623514,15.365,164.46409547738693,0.17567873431140776,0.04455866314209543,1.0105323485442725,14.040828004537873,0.4996275537088062,21273.0,225.38386000979983,200,196,4,196,4,0.683928395790302,0.8123010426097369,0.18769895739026313,17.785513939092404,44.42561799007939,0.28250000000000003,35.008756559450276,0.1553294746035855,115.30051052313017,24.173671792050925,109.58089244718985,29.968530090632648,5.719618075940318,-5.7948582985817225,8.142138148868801,0.03612564869780283,0.05859289607152297,0.4175,0.4975,-0.08000000000000002,-31.285111416736584,-0.206587426708762,0.14167164004045205,3,2,1,1,0.07750000000000004,1,1.0,0.8264637372182084,0.013157894736842105,0.019736842105263157,1.6499990982558839,1.1817141378489264,0.0,0.9484528127838584,0.5575734376907349,17,21273,1.5460526315789473,1.2334745611101947,0.6832742143456477,True,True,0.4760035680825199,1.0,1.0,0.8363947341125257,0.03760452685488627,0.04352935646124195,0.1935787148028017,0.009061108684558117,0.012945671334095632,-0.01860071916580669,0.027828703050815598,-0.13642919866960823
12,262,288,UM_1807393061_Fagaceae_Quercus_suberoides,UM_1807393061_Fagaceae_Quercus_suberoides#262,False,1.0401718039413845,57.00416651438735,0.06392345049669994,0.019690402476780187,-0.014262913142464896,0.08268317853457173,0.019690402476780187,7.533802527169914,9.58596690066775,0.08778813954648873,0.8052076898843044,0.06392345049669994,0.09527520417857381,0.5771180304127443,0.9975,0.0379746835443038,0.1450381679389313,0.25149700598802394,0.10122588397366442,0.025303099256614253,0.06652710421053705,0.06424735133303587,0.08778813954648873,0.3241256122059655,0.0225,0.043984956947610884,0.14132322761992866,0.2916666666666667,0.10937414133149886,0.029579928529476638,0.05476317987836664,0.019690402476780187,0.031001031991744067,0.021234778121775027,10.015,3164.9997738693464,0.06392345049669994,0.005021224218755635,1.0,7.0080927362640046e-15,3.015365734881925e-13,24225.0,169.72261445974013,200,167,33,168,32,0.8959109125084229,0.9450981125722516,0.05490188742774837,7.533802527169914,19.372019590590725,0.9225000000000001,19.372019590590696,0.11413929518028919,100.68865023098564,35.92157776550023,90.57166826226894,36.58256018954543,10.1169819687167,-0.6609824240452014,10.138551273245874,0.059736006928239,0.12362330881057981,0.7175,0.4325,0.28500000000000003,-1.6279804094092185,-0.009926709813470847,0.4603246392969299,24,22,2,2,0.004318181818181819,1.092691776088459,48.16497690230942,0.09762386600069668,0.04429308565531476,0.028570262737555682,0.10637770897832817,0.04429308565531476,7.435716453541928,10.898410849510443,0.17923870356567864,0.8563317506174825,0.09762386600069668,0.1569113123060303,0.8431372549019608,0.3025,0.058823529411764705,0.21655652173913043,0.27918781725888325,0.1288257655797099,0.03622245184291372,0.1283040415433359,0.08466311480195589,0.17923870356567864,1.0,0.0025,0.03464832898206875,0.14310276606228292,0.215,0.14731252872929632,0.02262014132401565,0.08313065982303428,0.04429308565531476,0.04429308565531476,0.012488648090815273,12.885,2164.6651005025124,0.09762386600069668,0.015167734291763695,1.0025748568919381,4.68353463016947,0.37262889442693914,24225.0,170.2332214417935,200,197,3,200,0,0.9099185263903649,0.952834912921713,0.047165087078286996,7.435716453541928,54.44520739771977,0.9325000000000001,51.261750784177394,0.30112659767591204,100.66127205201003,36.928184017879225,91.1489748538942,35.259079805682845,9.512297198115832,1.6691042121963804,9.65762428635811,0.05673172489225475,0.1502879128493841,0.7424999999999999,0.7475,-0.0050000000000001155,2.4565380384602378,0.01522884423318111,0.20230569672076135,2,2,0,0,0.05750000000000011,1,1.0,0.9008376470588235,0.05245346869712352,0.10909090909090909,1.2598117862057019,1.1075362632367889,0.0,0.9797937098671409,0.936154842376709,17,24225,1.2121212121212122,1.0394983889969134,0.9311692120377582,True,True,0.8593810882830292,1.0,1.0,1.0,-0.033700415503996745,-0.02369453044375644,-0.02460268317853457,-0.007736800349461337,-0.014007613881941938,-0.09145056401918991,-0.01329205366357069,-0.0511240607331781
12,264,294,UM_1807393061_Fagaceae_Quercus_suberoides,UM_1807393061_Fagaceae_Quercus_suberoides#264,False,1.0985188824933314,27.065753268660377,0.0855064327164018,0.046946864912779517,0.05351573468933089,0.06745162315398638,0.046946864912779517,11.356822841361941,14.737592965562797,0.12357750700438042,0.9021251093444006,0.0855064327164018,0.11955432248251553,0.31386861313868614,0.7975000000000001,0.047619047619047616,0.22033898305084745,0.29949238578680204,0.05943420583699075,0.0296021216640178,0.17045211600355625,0.08874517878596563,0.12357750700438042,0.3370773605216755,0.9824999999999999,0.049100153193248654,0.2283068570113499,0.3096446700507614,0.06008685891519904,0.03226086277296,0.1769963082890864,0.046946864912779517,0.04698031476309143,0.012874387449616165,20.165,327.5656030150754,0.0855064327164018,0.007017507855656369,1.0,7.0915224116957165e-15,3.907985046680551e-14,59791.0,367.31457295306507,200,197,3,197,3,0.8715167763425136,0.931348078050051,0.068651921949949,11.356822841361941,43.494326502432045,0.7975000000000001,28.272001353855103,0.0769694518966653,178.27240322832904,47.27382544489631,166.00822576559037,43.507399433046245,12.264177462738672,3.766426011850065,12.829497797664878,0.03492782138895484,0.04686978461058275,0.3025,0.2725,0.02999999999999997,7.494326502432017,0.03345681474300007,0.052707517511416446,3,2,1,1,0.04250000000000004,1.0351611695428709,21.589465023478464,0.058529773542766575,0.017276847686106604,0.02013813398041475,0.04922145473399007,0.017276847686106604,5.927004853174682,8.260950910793715,0.07615773589016192,0.9590612459351244,0.058529773542766575,0.08913562663792918,0.3384615384615385,0.14250000000000002,0.031871576041187344,0.1585223422202356,0.1989795918367347,0.05343087786345301,0.018497890473474787,0.10589057184573906,0.046140772482854496,0.07615773589016192,0.5012793052207993,0.9875,0.03311489837087228,0.1115979273764644,0.11616161616161616,0.04097957477011682,0.015976403234438802,0.0820892127466831,0.017276847686106604,0.01849776722249168,0.007757814721279122,14.715,250.8279145728643,0.058529773542766575,0.004542602086426048,1.0016272619614692,6.894592893974936,0.34911165554494605,59791.0,367.9558079807894,200,196,4,198,2,0.9298407763727261,0.963645071403692,0.03635492859630791,5.927004853174682,28.393429594186756,0.8025,16.909440177493433,0.04595508430832068,176.36972076052038,45.784920359478946,168.62978219888552,44.692208030653134,7.739938561634858,1.0927123288258116,7.81669170246916,0.02124356113676907,0.01672361890718938,0.3175,0.5225,-0.20499999999999996,2.9194327337177413,0.012770326657309816,0.053394068966112054,3,1,2,2,0.025000000000000078,1,1.0,0.9412352810486558,0.027139874739039668,0.03494623655913978,1.322694748903878,1.1733789045902798,0.03542339148032313,0.9877388898064109,0.9335988759994507,17,59791,1.6533333333333333,1.5892353886908046,0.9727999866818217,True,True,0.9430833042863707,1.0,1.0,1.0,0.02697665917363523,0.018230168419996313,0.029670017226672913,-0.032296993353641,-0.05832400003021254,0.047419771114218495,0.028482547540599753,-0.05693613659072383
12,267,296,UM_1807393061_Fagaceae_Quercus_suberoides,UM_1807393061_Fagaceae_Quercus_suberoides#267,False,0.6168840082361016,36.01777339036937,0.2937827833840227,-0.23694710926224638,-0.2903330526615647,0.24874777145767893,-0.23694710926224638,26.6019340620809,30.780867403639213,0.3846787369180447,0.6434802314237328,0.2937827833840227,0.371996109433195,0.75,0.7725,0.1760731319554849,0.6765000000000001,0.9141414141414141,0.13517241792460963,0.1713572809568156,0.5815824394759666,0.3044064989530604,0.3846787369180447,0.7701947840695682,0.7725,0.18239892190089366,0.7166179539066113,0.92,0.13699928448436346,0.17889023099947945,0.5954566042417025,-0.23694710926224638,0.24284744035996264,0.09543424738942186,29.3,440.9949748743718,0.2937827833840227,0.05233711046128351,1.0000000000000002,3.5457612058478583e-15,1.3145040611561853e-13,23558.0,223.7648978931432,200,198,2,200,0,0.5941484145145473,0.745411668204655,0.254588331795345,26.6019340620809,60.845387941495886,0.7725,49.754772774558745,0.22235289468108918,96.28770815562082,23.504987382167073,110.58992814441197,34.6047804498145,-14.302219988791151,-11.099793067647425,18.104112868416696,0.08090684928188398,0.13774299204886764,0.4425,0.4625,-0.020000000000000018,-26.845387941495858,-0.18262168667684256,0.08302157138409647,3,2,1,1,0.03499999999999992,0.6622918430708439,31.069760217935382,0.2528061008035082,-0.20315816283215893,-0.2471306930502176,0.2145343407759572,-0.20315816283215893,20.77326815184136,25.092902551496344,0.32231606148007164,0.7114465451655684,0.2528061008035082,0.32947123627460706,0.7263157894736842,0.7975000000000001,0.16,0.6188917465513212,0.7939698492462312,0.11026370097483493,0.1420409613601212,0.5082733734063059,0.24454476914951673,0.32231606148007164,0.682924169596043,0.7975000000000001,0.14194082277773712,0.6105145672995703,0.79,0.1098488275666317,0.12643048805742824,0.49559209210669786,-0.20315816283215893,0.20697852109686732,0.07902962900076406,25.27,328.39909547738694,0.2528061008035082,0.04486582734767697,1.000811978722303,3.6781037455453003,0.17965086875115888,23558.0,223.9620576480132,200,199,1,200,0,0.6672473867595818,0.800417972831766,0.19958202716823406,20.77326815184136,53.98971822040698,0.7975000000000001,42.53220387488166,0.18990807783042785,97.09630894577785,24.78045574044646,110.51376795922096,32.97947413622218,-13.417459013443107,-8.19901839577572,15.724252256679627,0.07020944717963087,0.12129579078349334,0.47250000000000003,0.47250000000000003,0.0,-20.400953701227657,-0.13873107185174396,0.08275006345901363,3,2,1,1,0.034999999999999976,1,1.0,0.8726866204460477,0.02118003025718608,0.028,1.4992173480886288,1.2029345292620672,0.0,0.9937753361814162,0.9837154150009155,17,23558,1.6891891891891893,1.3374469023905835,0.5986342758153897,True,True,0.3360998792130432,1.0,1.0,1.0,0.04097668258051451,0.034213430681721724,-0.03378894643008745,-0.05500630462711098,-0.07309897224503459,0.06236267543797308,0.03586891926309532,-0.0679663137418356
13,141,301,ASC_3091241738_Platanaceae_Platanus_wrightii,ASC_3091241738_Platanaceae_Platanus_wrightii#141,False,0.7812765710873818,1115.0977401107043,0.14642421718628698,-0.12279026876724612,-0.14605254422938144,0.12303494978381796,-0.12279026876724612,144.64324590228557,176.9080824438701,0.23484871427899753,0.88998608313148,0.14642421718628698,0.20019917835332787,0.8504731861198738,0.9724999999999999,0.09986127305668839,0.2772210180061985,0.5,0.2482208516093644,0.08533404586175787,0.14578044187170353,0.18039805142491938,0.23484871427899753,0.8979922027018389,0.9775,0.11236000459052715,0.3692911406509348,0.6411764705882353,0.2579900424307349,0.16410826985038476,0.14696716178493283,-0.12279026876724612,0.12279026876724612,0.045992683613302165,869.91,489145.28834170854,0.14642421718628698,0.018751274363082326,1.0,0.0,0.0,1414086.0,1681.2309362144397,200,168,32,170,30,0.6889618848048933,0.815840654550332,0.18415934544966803,144.64324590228557,503.1751851753638,0.9624999999999999,251.3088751510721,0.14947909281096994,1091.8650133335443,310.4681662095288,1083.0362426495992,355.5658683815551,8.828770683945095,-45.09770217202629,45.9537803992933,0.0273334135182913,0.16971236992651728,0.8775,0.3975,0.4799999999999999,-143.17518517536382,-0.08392449306879474,0.012926122270588059,2,2,0,0,0.02499999999999994,0.8711078295939917,786.9151669652834,0.067932813058301,-0.06888548504122097,-0.05502302958614528,0.07241992354071818,-0.06888548504122097,82.15550714553876,124.27695751586607,0.1399889759222925,0.9464543546719871,0.067932813058301,0.11306127805684503,0.7400909681611436,0.9675,0.04883679630616231,0.13295073012812664,0.16167664670658682,0.030130491076054554,0.06528950206149307,0.09558119674812364,0.08305026209483483,0.1399889759222925,0.803545573329574,0.9724999999999999,0.06550654220387866,0.10671496392539294,0.10650887573964497,0.041748182301288315,0.10222274570993067,0.08995350972288456,-0.06888548504122097,0.06888548504122097,0.01938754078606252,512.04,358844.74211055273,0.067932813058301,0.008217190237796008,1.0020117539452957,40.135857118368,0.2836973801837075,1414086.0,1685.7703288582582,200,167,33,169,31,0.8029886431560072,0.8907306723246253,0.10926932767537462,82.15550714553876,500.55536616790613,0.35250000000000004,160.66094950743417,0.09530417445195333,1079.4660334059388,310.5046409015469,1097.0548130455752,354.8061613493351,-17.588779639636414,-44.30152044778822,47.665395028232865,0.028275141762944527,0.08120619387230114,0.8875,0.8474999999999999,0.040000000000000036,-126.03230512625078,-0.07410684383031581,0.01369047242251956,2,2,0,0,0.02250000000000002,1,1.0,0.6562768019082086,0.0023185045645558616,0.0035149384885764497,1.885917269792205,1.122855711932061,0.002139898139151367,0.9846811610109666,0.9381543397903442,17,1414086,0.9654364381956649,0.9228420166217498,0.8945207900771617,True,True,0.7890957099253066,1.0,1.0,1.0,0.07849140412798598,0.050615026243099784,-0.053904783726025154,-0.07489001777429338,-0.11402675835111387,0.09485973835670503,0.053904783726025154,-0.05646827154050715
14,148,302,MNHN_438525267_Phellinaceae_Phelline_dumbeensis,MNHN_438525267_Phellinaceae_Phelline_dumbeensis#148,False,0.6661431431320717,1008.8274877301867,0.26344268890655254,-0.2003770553833286,-0.26336738374798413,0.20052973626038065,-0.2003770553833286,54.307245632885184,70.14539699358652,0.31444716484956187,0.8639242278345843,0.26344268890655254,0.3112589981918047,0.9822410964192646,0.0025,0.30777819129140305,0.43928918236550807,0.7738693467336684,0.12304716276232049,0.28522797165142943,0.3841801372474866,0.26704922136457987,0.31444716484956187,0.9161003597734426,0.0025,0.3186561390806569,0.4506234414737217,0.7817258883248731,0.11885913618372149,0.2886945615803875,0.39986395969073935,-0.2003770553833286,0.2003770553833286,0.1131797120305893,604.16,656003.6124623115,0.26344268890655254,0.02761890206966269,1.0000000000000002,2.8366089646783068e-14,2.34035013590983e-13,602564.0,2121.7854602676116,200,199,1,197,3,0.6750267144383683,0.8059891924347042,0.1940108075652957,54.307245632885184,329.79612951843933,0.0025,311.76980873252654,0.14693748004720722,660.1115376330821,88.89126910542831,747.8866936055499,107.1773553479621,-87.77515597246781,-18.2860862425338,89.65968411755885,0.04225671529780889,0.2378841861479726,0.052500000000000005,0.0025,0.05,-46.79612951843927,-0.07277780640503775,0.004331783547815531,1,0,1,1,nan,0.7681024187419491,1029.1198180969989,0.1411918022773509,-0.13115619253722427,-0.14065672443869423,0.1322647884706023,-0.13115619253722427,34.981518846431385,57.886732377590846,0.18498811085645292,0.8594362941702347,0.1411918022773509,0.18985286242434996,0.9922804760373111,0.0025,0.11897412397990903,0.24880977548518032,0.68,0.12819301622261695,0.12689656295903054,0.1682724658695347,0.1409055701447821,0.18498811085645292,0.9421930083919797,0.0025,0.1162740166768335,0.24706803421402485,0.6818181818181818,0.13473268938105532,0.12240310717575845,0.16605550194670912,-0.13115619253722427,0.13115619253722427,0.09055254711532716,398.49,904817.4069346732,0.1411918022773509,0.01618993401044483,1.0005013849994084,26.115154185171146,0.1773211848929832,602564.0,2123.224719113052,200,200,0,198,2,0.7763193688792165,0.8740763428921475,0.12592365710785253,34.981518846431385,336.78920039120106,0.0025,321.61251162160926,0.15147360932947243,722.0593627424238,86.852251403293,706.8927007065138,107.14202398359014,15.166662035910008,-20.28977258029714,25.331847715310694,0.011930836847968088,0.12099805173597444,0.057499999999999996,0.042499999999999996,0.015,-59.694940151233084,-0.09289865791932407,0.004133152189668074,1,0,1,1,nan,1,1.0,0.7726473551556198,0.02893565358154593,0.07919254658385093,1.9384738595711701,1.0802590447539808,0.0,0.9390722127521739,0.417849063873291,17,602564,3.4037267080745344,3.023346946648018,0.7756415832938455,True,True,0.6486146867507248,1.0,1.0,0.7518214893756608,0.12225088662920164,0.06826494778977835,-0.06922086284610432,-0.06808715045744329,-0.10129265444084823,0.12945905399310895,0.06922086284610432,0.00448793366434963
15,149,321,PH_3865012217_Bignoniaceae_Catalpa_erubescens,PH_3865012217_Bignoniaceae_Catalpa_erubescens#149,False,0.6482099501906439,513.6521731677965,0.2557955769244923,-0.21343764474220386,-0.2557955769244923,0.21343764474220386,-0.21343764474220386,76.51445895749346,80.93185770693842,0.2987176656289627,0.9887772203082777,0.2557955769244923,0.2969441862213163,0.7801268498942917,0.2125,0.20828388422372415,0.4522100059849713,1.0,0.5418348282936885,0.25678955916627527,0.14808536629482688,0.2558585967530034,0.2987176656289627,0.7942231679400296,0.20750000000000002,0.20838377785815404,0.4606694385022398,1.0,0.5463800387417852,0.2548439262674264,0.1441184588476266,-0.21343764474220386,0.21343764474220386,0.0863664613172901,421.645,86486.48138190956,0.2557955769244923,0.022889341808458197,1.0,2.8366089646782866e-14,2.1671553440683056e-13,395099.0,1080.2319651225998,200,158,42,159,41,0.6562742704981693,0.792470525187567,0.207529474812433,76.51445895749346,111.56673759550245,0.5225,102.78768741001862,0.09515334736308496,762.1489136899977,112.49233027230049,720.3167578664893,146.9638588817681,41.8321558235084,-34.4715286094676,54.205309200443004,0.05017932346992808,0.3057466413570764,0.7475,0.7925,-0.04499999999999993,-100.56673759550267,-0.14617258371439343,0.004799271623609744,1,1,0,0,0.02499999999999991,0.8669857861112161,220.83275345835818,0.06953777019402647,-0.07124543468852111,-0.06623247772128994,0.0791016934996039,-0.07124543468852111,16.44655487045005,20.60690989410418,0.047872178306802765,0.9945669635306812,0.06953777019402647,0.07734312171433443,0.1699413115590712,0.9975,0.07702281231718384,0.10491113242604203,0.18354430379746836,0.05067572480641102,0.07285215544725533,0.07331093001458293,0.04229549020962368,0.047872178306802765,0.10108564539287516,0.2325,0.04505603084046482,0.06939919693006823,0.012578616352201259,0.044293318241843904,0.045463135346893405,0.03839984680816804,-0.07124543468852111,0.0750799166791108,0.026133102083275336,156.265,24470.708316582914,0.06953777019402647,0.0011537592668016297,1.0036764548440857,40.13107893587792,0.2969159922031681,395099.0,1085.2925635344964,200,158,42,159,41,0.9138641658204408,0.9549937578027465,0.04500624219725343,16.44655487045005,41.72252200850306,0.7725,41.60686583432422,0.03833700444682143,742.1514402340964,121.5713746966622,734.8242476100764,135.77682597435083,7.327192624019972,-14.205451277688624,15.98382300178146,0.014727662879884286,0.03756752419682671,0.7675000000000001,0.7675000000000001,0.0,-41.541032460851625,-0.060201065191353036,0.004471500635596308,1,1,0,0,0.0,1,1.0,0.8770770483168128,0.01687116564417178,0.027953110910730387,1.4472136564156,1.1535990146847688,0.007537351398004045,0.9854096980655894,0.9467521905899048,17,395099,1.6095791001451378,1.483492928227399,0.9564891424571103,True,True,0.9097982447028476,1.0,1.0,1.0,0.18625780673046582,0.13433595124259995,-0.14219221005368277,-0.16252323261517954,-0.2575898953222715,0.25084548732215994,0.13835772806309304,-0.005789743222403443
15,154,363,PH_3865012217_Bignoniaceae_Catalpa_erubescens,PH_3865012217_Bignoniaceae_Catalpa_erubescens#154,False,0.8740942367002886,480.77802050426556,0.14157125211700092,-0.06718219438174741,-0.1234943408909765,0.0897601531121999,-0.06718219438174741,58.634440646929825,72.61215574519241,0.23610079801936237,0.9543063366047315,0.14157125211700092,0.23609368447663556,0.8639744952178533,0.1975,0.05810480586478414,0.42886920270974466,0.37888198757763975,0.5046188489179068,0.1029484083100802,0.02789625183090248,0.14451935174216324,0.23610079801936237,0.860178896183854,0.1975,0.06378909909647598,0.42123987097069393,0.40993788819875776,0.5001877038457551,0.11190215731172386,0.02801220209303528,-0.06718219438174741,0.06967471856614267,0.04372154768416626,383.165,84755.86711055276,0.14157125211700092,0.03592091972642634,1.0,0.0,0.0,853753.0,1513.9345983942903,200,161,39,161,39,0.8343966336364871,0.9097232499630014,0.09027675003699867,58.634440646929825,201.63871135412137,0.5675000000000001,140.5746083536361,0.09285381845604981,1044.6050571890162,201.83370281089867,979.6403979818833,202.7806520058755,64.96465920713285,-0.9469491949768383,64.9715603835769,0.0429156982425047,0.2729137711206057,0.5675000000000001,0.6375,-0.06999999999999984,-84.36128864587863,-0.06626966900697458,0.015950130830387016,1,1,0,0,0.07000000000000006,1.018323833749802,218.9463518764357,0.03243430069822472,0.009078738229909587,0.0014461844450344443,0.03152082628113752,0.009078738229909587,17.700602239603256,36.61980011842986,0.04176321450011284,0.9817726474680255,0.03243430069822472,0.0404787164099921,0.16782392244202804,0.6074999999999999,0.02508361204013378,0.05840232714253748,0.031055900621118012,0.03830008571503991,0.03827225930113309,0.024232102962959405,0.027292649435578898,0.04176321450011284,0.19539028729955493,0.5925,0.02236103208152581,0.059781866742508176,0.03125,0.02123304683216698,0.039003991165133825,0.018198033258586304,0.009078738229909587,0.009078738229909587,0.0022652716886499957,134.555,29982.368819095474,0.03243430069822472,0.0005902085117953134,1.0044384660920593,51.07614661081307,0.4815728563093382,853753.0,1521.5898059527622,200,161,39,160,40,0.9452859569648924,0.9718735218134847,0.0281264781865153,17.700602239603256,200.46901080629783,0.5925,66.2888047754842,0.04356548954005159,1022.4267930175558,200.8184777784589,1011.5990915076031,200.85839200776587,10.827701509952703,-0.03991422930695876,10.827775077749502,0.007116093335660564,0.014730399863793408,0.5925,0.6174999999999999,-0.02499999999999991,-50.73890612557739,-0.0397266529375259,0.017563786867164657,1,1,0,0,0.020000000000000018,2,0.9999871157114528,0.7440802372273615,0.0014251781472684087,0.002354788069073783,1.5217152319792306,1.1530494095570125,0.0006266449429753102,0.9700093199225033,0.8763160705566406,17,853753,1.1766091051805339,1.1458276265901934,0.9592909285523104,True,True,0.9961891438467134,0.8735429449156092,1.0,1.0,0.10913695141877619,0.05823932683106238,-0.076260932611657,-0.062150271850483385,-0.11088932332840529,0.19433758351924954,0.060595980336233084,-0.027466310863293986
16,156,303,A_2351160546_Bignoniaceae_Catalpa_speciosa,A_2351160546_Bignoniaceae_Catalpa_speciosa#156,False,0.9822450968449263,61.413801380471476,0.21059161615786764,-0.008956966614942618,-0.07826241708824312,0.13745794220221544,-0.008956966614942618,19.771052055941126,25.044481631082505,0.4300984352431691,0.8914204509429503,0.21059161615786764,0.3355556275037108,1.0,0.20750000000000002,0.0984764542936288,0.6363636363636364,0.4935897435897436,0.6461744593682931,0.12605767375033672,0.14433541921842372,0.274311630412738,0.4300984352431691,1.0,0.1525,0.1126448803767477,1.0,0.5352941176470588,0.7800850728748554,0.1238313985462956,0.14323816671254175,-0.008956966614942618,0.07320745440857902,0.044041351073146,44.735,1779.331432160804,0.21059161615786764,0.06868906487183564,1.0000000000000002,1.4183044823391433e-14,2.842170943040401e-14,65089.0,506.77226819050736,200,156,44,170,30,0.7617723911714016,0.8647795765091988,0.1352204234908012,19.771052055941126,90.35616555102285,0.9775,84.35616555102285,0.16645773821094612,366.0369279951493,52.97954310478313,324.2852235510983,45.10133615493077,41.75170444405103,7.878206949852363,42.488480423852444,0.08384136838340184,0.352615977172556,0.8325,0.7675000000000001,0.06499999999999995,11.356165551022855,0.044709313193003364,0.012384413725315459,1,1,0,0,0.07000000000000006,1.0449589996544033,42.828436814807986,0.09848907679333123,0.021985281691222786,0.00950244833465098,0.09173593080243973,0.021985281691222786,8.183113806792148,12.022256387447763,0.13655632314736052,0.9695765134708498,0.09848907679333123,0.1625615310056955,0.7878787878787878,0.9875,0.06705539358600583,0.1759854457246816,0.3032258064516129,0.17033321403754453,0.05060588352705779,0.12133567677753035,0.06783609282333075,0.13655632314736052,0.825906865212243,0.9924999999999999,0.048110132838602784,0.0929769779319089,0.0967741935483871,0.1277828786377399,0.043148075038880775,0.0716335640360927,0.021985281691222786,0.03381523759775077,0.019369593940604404,29.855,947.6924371859299,0.09848907679333123,0.016834764499178676,1.0029643415278977,11.304997653432538,0.4961624931539146,65089.0,508.4911260463064,200,155,45,155,45,0.8869710789124285,0.9401003426333823,0.05989965736661772,8.183113806792148,72.73662759681477,0.9824999999999999,15.42354147390815,0.03033197765678134,358.4154192195471,50.50658839299143,333.22603549942903,46.039249645645704,25.189383720118087,4.467338747345728,25.582458202504437,0.050310530296598995,0.20363865421788854,0.8725,0.7925,0.08000000000000007,1.8569040854895178,0.007306486372078252,0.011830557589306538,1,1,0,0,0.07499999999999996,1,1.0,0.8599302717800694,0.033984706881903144,0.058823529411764705,1.5442999433104734,1.1427079850407036,0.006944337752922921,0.9581416810260099,0.8171111345291138,17,65089,1.9725490196078432,1.9862817601985472,0.9161854490281887,True,True,0.8360224586488522,1.0,1.0,0.98172840807173,0.11210253936453642,0.045722011399775705,-0.030942248306165404,-0.07532076612418348,-0.12519868774102694,0.2935421120958086,0.03939221681082825,-0.07815606252789953
17,167,427,US_1318592635_Bignoniaceae_Catalpa_punctata,US_1318592635_Bignoniaceae_Catalpa_punctata#167,False,0.9300911854103343,3.7242448899072143,0.08174519850230205,-0.03622047244094488,-0.02406811466071273,0.07690288713910762,-0.03622047244094488,3.208476717139092,3.9338632671981286,0.10805154347634809,0.9292044285834664,0.08174519850230205,0.101160144966347,0.4,0.9824999999999999,0.08,0.13432835820895522,0.33516483516483514,0.08643161942888967,0.08469744086576524,0.07400812713346917,0.0860633036028951,0.10805154347634809,0.46767571196477953,0.9824999999999999,0.08230842447214246,0.13953153648004527,0.3956043956043956,0.0850737071455087,0.08858996477214144,0.08444201685206032,-0.03622047244094488,0.03622047244094488,0.016916666666666667,2.93,5.311658291457286,0.08174519850230205,0.0035707167743676566,1.0,1.7728806029239291e-15,7.815970093361102e-14,7620.0,185.84114428022963,200,182,18,182,18,0.8547254150702427,0.9216732656223102,0.07832673437768979,3.208476717139092,9.209081407682987,0.5125,9.209081407682987,0.049553512185636486,92.78790886312053,11.093171714459157,95.86714763828309,12.644054381653048,-3.079238775162551,-1.550882667193891,3.447745420106741,0.01855211037071473,0.07021254673809084,0.5225,0.5275000000000001,-0.0050000000000001155,-9.209081407682987,-0.13542766776004392,0.0876783355961688,11,10,1,1,0.004500000000000015,0.9310694374049671,4.758150901348127,0.1252585933970439,-0.03569553805774278,-0.026637488435183536,0.10603674540682415,-0.03569553805774278,4.045417692297713,4.765557405846945,0.17101825838117382,0.870344643288873,0.1252585933970439,0.16444985629959155,0.6666666666666666,0.9724999999999999,0.10526315789473684,0.2423076923076922,0.5076923076923077,0.14731626441083723,0.07834030632677022,0.1512407548148798,0.1262773315058612,0.17101825838117382,1.0,0.8225,0.11038545961684182,0.22522805844216365,0.576530612244898,0.1398006017386247,0.0787586696430598,0.16100377947224992,-0.03569553805774278,0.03569553805774278,0.015586614173228347,4.04,6.350150753768843,0.1252585933970439,0.011412565996620189,1.0005008508927367,1.5862563035109343,0.20788661527096286,7620.0,186.0212711165122,200,195,5,196,4,0.8254167319851596,0.9043597744253284,0.09564022557467151,4.045417692297713,14.250437407580248,0.8225,11.288827976158448,0.060685683461908106,91.13166971718995,11.253439148617923,97.49169101000226,12.532359193756946,-6.360021292812306,-1.2789200451390226,6.487334377607209,0.03487415357754407,0.061714330265513095,0.5275000000000001,0.5225,0.0050000000000001155,-8.984398367371224,-0.13213657730326714,0.11612865042701456,1,2,1,1,0.03500000000000014,1,1.0,0.9363579080025205,0.047619047619047616,0.06951871657754011,1.5081807064106505,1.1411968739539649,0.0,0.9900556206703186,0.9581310749053955,17,7620,2.710144927536232,2.416561425293416,0.8618407086973368,True,True,0.7290920847366208,1.0,1.0,1.0,-0.04351339489474185,-0.029133858267716528,-0.0005249343832020997,0.01731349119698178,0.029308683085083054,-0.06296671490482574,0.0005249343832020997,0.05885978529459346
17,169,428,US_1318592635_Bignoniaceae_Catalpa_punctata,US_1318592635_Bignoniaceae_Catalpa_punctata#169,False,1.2069243156199678,5.681109046656295,0.13202268841674933,0.09376140094855892,0.11283614713639432,0.11443512100206737,0.09376140094855892,5.471454261972459,6.638314555717315,0.19733298765641497,0.7820782143119647,0.13202268841674933,0.17691312703630804,1.0,0.0075,0.1111111111111111,0.22580645161290322,0.5489130434782609,0.13465755594530354,0.06412235921962278,0.19623548134873184,0.14443278214117652,0.19733298765641497,1.0,0.0025,0.11882440844979267,0.24816973920462576,0.6108108108108108,0.15229613563947775,0.06999893194495362,0.2098027328681914,0.09376140094855892,0.09461267177429163,0.04754803599659491,4.705,10.18891959798995,0.13202268841674933,0.013944047125792888,1.0,3.5457612058478583e-15,1.5631940186722204e-13,8223.0,184.532378477622,200,184,16,185,15,0.7873219839580946,0.8810074413279908,0.11899255867200915,5.471454261972459,28.6488468239195,0.0125,24.717824937071367,0.13394844385029625,81.35948359915946,13.23368115791997,79.3783821936802,11.31465290769615,1.981101405479265,1.9190282502238194,2.758157392889139,0.014946739513378231,0.14088447741214613,0.0325,0.3225,-0.29000000000000004,-0.7023063521609814,-0.01064100533577245,0.12517525682408154,14,12,2,2,0.005833333333333305,1.0105134474327628,5.654644109048774,0.11326247086351775,0.00522923507235802,0.018927657896952,0.10689529368843488,0.00522923507235802,4.051533327758861,5.3404302289715675,0.13546040908255444,0.7321827212311597,0.11326247086351775,0.15313835660874678,1.0,0.4425,0.09090909090909091,0.2230830039525694,0.4696969696969697,0.09407636073623968,0.1235681617135637,0.12172398671680185,0.09775050778478482,0.13546040908255444,1.0,0.4425,0.07963085372829623,0.17912685800545874,0.39195979899497485,0.09077889489761493,0.09229024922099144,0.10999682891558445,0.00522923507235802,0.022133041469050225,0.011078377721026392,4.395,12.722587939698492,0.11326247086351775,0.010676892659016566,1.0006942425256768,2.9695275735612414,0.1270454811945676,8223.0,184.66709252466808,200,198,2,199,1,0.8430040396621373,0.9148151838198665,0.0851848161801335,4.051533327758861,28.45785843588744,0.4425,12.61687073866506,0.06832224716474421,81.02719857215602,12.071233767473375,80.06601854428574,12.534400614725087,0.9611800278702844,-0.46316684725171164,1.066953876402261,0.005777715248642559,0.15253226748948404,0.042499999999999996,0.3375,-0.29500000000000004,-4.339611498824041,-0.06355094246059446,0.1331948695759605,3,2,1,1,0.04000000000000001,1,1.0,0.9176167287310226,0.0351288056206089,0.05970149253731343,1.5901732113897094,1.1661352497424038,0.0,0.9701189714319566,0.8187822103500366,17,8223,2.8059701492537314,2.5427423652258714,0.8800326018039767,True,True,0.7672010202928314,1.0,1.0,0.9826567835277982,0.01876021755323158,0.007539827313632494,0.0885321658762009,-0.03380774249187568,-0.05568205570404272,0.061872578573860526,0.0724796303052414,0.04989549308080499
17,171,429,US_1318592635_Bignoniaceae_Catalpa_punctata,US_1318592635_Bignoniaceae_Catalpa_punctata#171,False,2.6413953488372095,23.345984665462282,0.5387131591784814,0.45075999489079066,0.5387131591784814,0.45075999489079066,0.45075999489079066,26.464628300807288,28.505518396899298,0.6236206548093362,0.6643193969922291,0.5387131591784814,0.6087370021696643,1.0,0.0025,0.5,0.9217948717948719,1.0,0.612112852797985,0.2889382215110833,0.7111689533586449,0.5516893183482826,0.6236206548093362,1.0,0.0025,0.5066657510851098,0.9696124971563199,1.0,0.6302257351590609,0.29440537901756075,0.7264646737011162,0.45075999489079066,0.45075999489079066,0.23094296845063228,17.645,234.86329145728644,0.5387131591784814,0.08095757349858981,1.0,3.545761205847871e-15,4.1300296516055823e-13,7829.0,132.14268536719968,200,133,67,133,67,0.380553460118315,0.5513056482227079,0.44869435177729206,26.464628300807288,49.25329854123423,0.3225,33.06586499040109,0.25022849277292397,64.3756213908885,23.029184928303344,64.26453926764664,13.731025147987522,0.11108212324185729,9.298159780315823,9.298823287835225,0.07036956500464285,0.4381402559992833,0.4325,0.5025,-0.06999999999999995,19.253298541234265,0.2092749841438507,0.21879408152996951,4,4,0,0,0.09125000000000007,1.4389408099688474,9.939567395012723,0.2697758486031706,0.1799718993485758,0.2510977194856726,0.2019414995529442,0.1799718993485758,9.599046039095803,11.631638558936638,0.3372307686475662,0.7808363382980005,0.2697758486031706,0.35077388074307564,1.0,0.0075,0.2222222222222222,0.6,0.6751269035532995,0.2984832258901596,0.12678565981453585,0.38189214209286737,0.2476180489315052,0.3372307686475662,1.0,0.0075,0.12449310244551742,0.6285005951794529,0.6020408163265306,0.25456143455145375,0.0860599940005673,0.40212589692526457,0.1799718993485758,0.18061055051730746,0.09459605313577724,7.905,36.48841708542714,0.2697758486031706,0.050519752365476234,1.0233965235972937,12.40594641450722,0.7445175280757661,7829.0,135.21191523312763,200,197,3,196,4,0.7093125605140392,0.8299389788614537,0.17006102113854632,9.599046039095803,34.7701922287727,0.5075000000000001,29.57484269635442,0.21872955978297118,65.81406087181946,17.999705967184013,66.55636563780995,17.59498394149697,-0.7423047659904825,0.4047220256870432,0.8454680855528544,0.006252911099551604,0.2113128331917928,0.3925,0.5025,-0.10999999999999993,-4.597217233207942,-0.04962195854367037,0.3201087398391432,3,3,0,0,0.085,1,1.0,0.8659081904115017,0.12849162011173185,0.13978494623655913,1.3497782906113884,1.0846771497248178,0.01136799080342317,0.989505806389977,0.9769179821014404,17,7829,1.4623655913978495,1.3904677877949687,0.6079804425366021,True,True,0.3473484933600194,1.0,1.0,1.0,0.2689373105753108,0.24881849533784647,0.27078809554221484,-0.27863333063874585,-0.32875910039572426,0.28638988616176997,0.2701494443734832,-0.1165169413057714
17,174,430,US_1318592635_Bignoniaceae_Catalpa_punctata,US_1318592635_Bignoniaceae_Catalpa_punctata#174,False,0.971666037023045,7.170076708097341,0.12612390742868596,-0.014370569074535352,0.018989516284438967,0.09906112282046368,-0.014370569074535352,5.611294230940385,7.433977088643183,0.17975118376049465,0.8066522762615085,0.12612390742868596,0.18361316668513578,0.5,0.0075,0.067816091954023,0.34108527131782945,0.34408602150537637,0.20862678545692084,0.06188939852486488,0.1069421198480515,0.1278166762548767,0.17975118376049465,0.4792169245826404,0.0075,0.07909974389646406,0.30509901217207464,0.41621621621621624,0.1894577656307964,0.0701240172994314,0.12469817580297722,-0.014370569074535352,0.041578846522322285,0.02354905154244108,5.17,24.8051256281407,0.12612390742868596,0.01790280660346945,1.0,3.5457612058478583e-15,1.1457501614131615e-13,10438.0,189.9047640700476,200,186,14,185,15,0.8163877620013522,0.8989135239513296,0.10108647604867041,5.611294230940385,17.7286138295909,0.6575,15.984481610897202,0.08417104062224169,89.23106428374022,14.92282372284062,98.75478914297784,17.117990329982458,-9.523724859237618,-2.1951666071418376,9.773438065878926,0.05146494409310306,0.14767221033479655,0.5025,0.4975,0.004999999999999949,-2.7286138295909126,-0.0336865904887767,0.16385366157062786,7,9,2,2,0.0057142857142857195,0.8991994177583698,8.267405880927825,0.13554769937658048,-0.053075301781950565,-0.024283533295381732,0.12052117263843648,-0.053075301781950565,6.153327584631883,7.893855919317699,0.18398942105215133,0.8207169865689375,0.13554769937658048,0.18072330161190692,0.5151515151515151,0.1375,0.09090909090909091,0.305860805860806,0.44329896907216493,0.183687567741159,0.09527221327632518,0.12717593761133314,0.13361805722522574,0.18398942105215133,1.0,0.9175,0.08784847226005507,0.31489960764304703,0.4358974358974359,0.15388029166028733,0.09700997099794441,0.15074228291231306,-0.053075301781950565,0.05384173213259245,0.024767675799961683,6.29,28.930552763819097,0.13554769937658048,0.014361762643572763,1.00016816875912,1.3030762247926388,0.09968413433851286,10438.0,189.93932738431107,200,194,6,195,5,0.8050971291043493,0.892026380324278,0.10797361967572201,6.153327584631883,21.736156663464552,0.6525000000000001,19.759306597674485,0.10402957023057563,89.96818238740313,14.688626295866673,97.88814504457834,17.262178170596762,-7.919962657175205,-2.5735518747300894,8.32760336129048,0.04384349189802563,0.13843416176678816,0.5025,0.5025,0.0,-4.726280169324717,-0.05834511291777322,0.1483575789646599,2,1,1,1,0.010000000000000009,1,1.0,0.9461609620721554,0.0430622009569378,0.06315789473684211,1.3715966697461834,1.1246625719700694,0.0,0.9771071251700906,0.8909612894058228,17,10438,2.317073170731707,2.215504360293809,0.839995857250425,True,True,0.6903811601623051,1.0,1.0,1.0,-0.009423791947894528,-0.021460049817972796,0.038704732707415215,0.006887143627051673,0.011290632897002939,-0.004238237291656677,-0.012262885610270162,-0.014064710307429062
17,176,433,US_1318592635_Bignoniaceae_Catalpa_punctata,US_1318592635_Bignoniaceae_Catalpa_punctata#176,False,0.7676394532693018,42.03189265307952,0.08583466130314381,-0.13145245559038662,-0.08405458429855579,0.13249738766980146,-0.13145245559038662,6.55568997339956,10.858695046433288,0.1619727357666141,0.778987424275718,0.08583466130314381,0.16308321255943625,0.9182389937106918,0.0025,0.03409531189461449,0.26646341463414647,0.1885245901639344,0.18248310344470706,0.028502252537866705,0.042024255903931156,0.09846947258606786,0.1619727357666141,0.5123355435457941,0.0025,0.04540649850026702,0.32032354451490436,0.21951219512195122,0.18397699181086422,0.038738443243701445,0.06991088247595731,-0.13145245559038662,0.13145245559038662,0.11694200626959249,6.34,1735.1602010050253,0.08583466130314381,0.019387458733860028,1.0,3.5457612058478575e-15,5.861977570020827e-14,9570.0,124.79440526426015,200,122,78,123,77,0.835195530726257,0.9101978691019786,0.0898021308980213,6.55568997339956,33.814145874022415,0.0025,33.814145874022415,0.2709588286623811,54.71054154679493,18.603995397926226,45.16398062845402,23.015310838747453,9.546560918340909,-4.411315440821227,10.51648844843286,0.08427051217691628,0.2259279451641217,0.1975,0.1325,0.065,-5.814145874022415,-0.05814145874022415,0.34126120242535657,11,15,4,4,0.0,0.7676394532693018,42.80432221166456,0.4106127252977619,-0.13145245559038662,-0.08401171645616896,0.37763845350052244,-0.13145245559038662,13.670369549872271,19.064797126493147,0.4659158261360261,0.36580155953721044,0.4106127252977619,0.5191215601622434,1.0,0.0325,0.34375,0.9256464011180993,0.8142076502732241,0.3629108112798753,0.40481225161768286,0.4738994513692464,0.3144250519104982,0.4659158261360261,1.0,0.0325,0.15266742624595844,1.0,0.5806451612903226,0.23862489574914014,0.3008567945876213,0.41625736500543753,-0.13145245559038662,0.13145245559038662,0.1158657262277952,18.07,1513.2513567839194,0.4106127252977619,0.10143869385129263,1.000082830496422,0.683947804994744,0.0458628873567013,9570.0,125.00121730323973,200,183,17,186,14,0.8554356366042261,0.9220860262981948,0.07791397370180521,13.670369549872271,51.79299454361398,0.07250000000000001,20.966700707151116,0.16773197221182348,54.736832405741595,19.098046089817014,45.42899656870934,22.609295837506192,9.307835837032258,-3.5112497476891775,9.94809945465913,0.07958402061418406,0.22000276028710772,0.3275,0.1375,0.19,-5.11173337146235,-0.050970716844551484,0.8575685300401976,9,8,1,1,0.08749999999999998,1,1.0,0.9524703256568936,0.060941828254847646,0.09722222222222222,1.2861593967668923,1.1667229151109673,0.0,0.991663347272312,0.9598208665847778,17,9570,1.4257425742574257,1.1859767507962182,0.0,True,False,0.0,1.0,1.0,1.0,-0.32477806399461806,-0.24514106583072098,0.0,-0.011888157196216165,-0.020240105877969095,-0.30394309036941203,0.0,0.41318586473850755
17,178,438,US_1318592635_Bignoniaceae_Catalpa_punctata,US_1318592635_Bignoniaceae_Catalpa_punctata#178,False,0.4556213017751479,5.3981478305063115,0.4534816219682959,-0.37398373983739835,-0.3907413162713338,0.41788617886178864,-0.37398373983739835,7.132259903866906,9.070334748356176,0.6117532459436963,-0.2791610225509702,0.4534816219682959,0.5937186237855696,1.0,0.0175,0.3021739130434783,1.0,0.7837837837837838,0.5221208072138547,0.7391870585554797,0.10188256754537545,0.4738199095724589,0.6117532459436963,1.0,0.0175,0.32261094083470365,1.0,0.7972972972972973,0.5631272675541786,0.7616571740440479,0.1002475814384187,-0.37398373983739835,0.3959349593495935,0.2489186991869919,2.57,22.648341708542713,0.4534816219682959,0.14886795184583212,1.0,8.864403014619646e-16,1.9895196601282805e-13,1230.0,74.46826169200865,200,74,126,74,126,0.39945061703087203,0.570867756489131,0.4291322435108689,7.132259903866906,15.736046853422481,0.28250000000000003,14.90443043748231,0.2001447341301608,42.17343388569381,3.8483687309930956,32.774468255951,6.7360468534224855,9.398965629742811,-2.88767812242939,9.832560187857688,0.13203692371018297,0.41542590336191143,0.6875,0.28250000000000003,0.40499999999999997,-5.472093706844973,-0.21046514257096058,0.5751284440319908,10,16,6,6,0.08300000000000003,1.1616871704745166,2.5377155080899043,0.3497358255170755,0.07479674796747968,0.08352761243386243,0.3089430894308943,0.07479674796747968,4.350017748438263,5.1622728590257925,0.5212537154098473,-0.006907260206189591,0.3497358255170755,0.47579161095806016,1.0,0.0225,0.3333333333333333,1.0,0.765625,0.28165922619047623,0.37451328271000406,0.3922056384742951,0.41856968280206813,0.5212537154098473,1.0,0.0075,0.3339130916605794,1.0,0.8677248677248677,0.35732656881657476,0.41272382055542844,0.4895155395776743,0.07479674796747968,0.07479674796747968,0.0306260162601626,1.9,2.8442211055276383,0.3497358255170755,0.10460733930014401,1.0233135276647325,6.842296894352773,0.7768957306304971,1230.0,76.25120037803632,200,192,8,189,11,0.6234437599620902,0.7680509486533104,0.23194905134668967,4.350017748438263,11.362447643121182,0.8374999999999999,7.774554165573564,0.10195976098774932,39.37983130144196,5.091330771560169,34.46768301397272,3.9762626210465375,4.912148287469243,1.1150681505136313,5.037119988483192,0.0660595500596749,0.28519460632115873,0.7224999999999999,0.2375,0.48499999999999993,4.035015141564303,0.16778528647903757,0.4909665544889902,3,4,1,1,0.09500000000000003,1,1.0,0.7604512276045122,0.10843373493975904,0.18518518518518517,1.5834782239170386,1.066646105126638,0.0,0.9407816739643321,0.8883121609687805,17,1230,2.7777777777777777,2.7151410187782083,0.13588504236396515,True,False,0.0144246622709874,1.0,1.0,0.9931716103439497,0.1037457964512204,0.10894308943089431,-0.448780487804878,-0.19718319216417934,-0.2239931429312182,0.09049953053384896,0.32113821138211385,-0.2722537623447806
18,196,372,US_1321255897_Fagaceae_Quercus_idonea,US_1321255897_Fagaceae_Quercus_idonea#196,False,1.138234030021808,119.19177823994406,0.07901491528983055,0.0646486904992332,0.07901491528983055,0.0668076172892813,0.0646486904992332,30.02719090143616,33.00542917047997,0.11111151365774039,0.9713567473866792,0.07901491528983055,0.09896765218758706,0.2777777777777778,0.9525000000000001,0.05493133583021224,0.16087253479040384,0.27461139896373055,0.04171058913222771,0.046836735113588164,0.15606741102635371,0.08639908447901751,0.11111151365774039,0.3847766884998132,0.9824999999999999,0.056527182902989505,0.1748450378375636,0.29797979797979796,0.043060484612896854,0.047518807681807884,0.17054961462741625,0.0646486904992332,0.06565743043044533,0.02945193037833331,89.74,6184.334070351759,0.07901491528983055,0.0035697353794998596,1.0,2.8366089646782866e-14,3.0109248427834245e-13,268652.0,582.2875741087561,200,193,7,198,2,0.8694603557431414,0.9301725528140623,0.06982744718593775,30.02719090143616,57.52862200151151,0.7625,48.76482706235959,0.08374698212820114,245.45666361772294,121.17932393691422,235.575538315321,109.10180064980682,9.881125302401927,12.077523287107397,15.604589260611412,0.02679876740371053,0.05889367011165156,0.4275,0.4025,0.024999999999999967,17.528622001511792,0.03175475000273875,0.018017830129604704,1,1,0,0,0.024999999999999967,1.084350996974164,78.24583055984516,0.05559896107003771,0.04046871045069458,0.05282158372433902,0.049245864538510785,0.04046871045069458,14.072850688016771,16.996553375796008,0.07962950412072965,0.9798381742749684,0.05559896107003771,0.06714857819780277,0.13518518518518519,0.7725,0.04104843285250073,0.11341756962350807,0.23958333333333334,0.027214166417577516,0.04046670643477574,0.10476014831820926,0.046134202855101336,0.07962950412072965,0.4391630699422382,0.9824999999999999,0.027780575980051563,0.08917345121182522,0.045454545454545456,0.021111131954765643,0.01471386813930862,0.10383093887917534,0.04046871045069458,0.04246385658770454,0.01605973527090809,66.15,1755.3643216080402,0.05559896107003771,0.0014251095273739383,1.0006628946820324,9.10774965108144,0.12172000206633093,268652.0,582.8102508733296,200,192,8,198,2,0.9349649022955796,0.9663895207467252,0.03361047925327477,14.072850688016771,36.756143998472766,0.7725,30.687072192042077,0.05265362465066136,245.42174873815932,118.14821204802581,236.19324173485793,111.96974208320925,9.228507003301388,6.178469964816557,11.105801754764178,0.019055604698308505,0.028257391432123722,0.4375,0.3975,0.03999999999999998,1.5447294129156717,0.0028001130676116952,0.018592023839553863,1,1,0,0,0.044999999999999984,1,1.0,0.9668206393175605,0.011064278187565859,0.015015015015015015,1.2204589122199707,1.1341173808525076,0.0,0.9904737402411068,0.9339132308959961,17,268652,1.2043399638336347,1.0535034447305311,0.9774716546722636,True,True,0.9527333464771113,1.0,1.0,1.0,0.023415954219792846,0.017561752750770522,0.024179980048538628,-0.036216967932662936,-0.0655045465524382,0.03148200953701073,0.023193573842740796,-0.008481426888289234
18,198,373,US_1321255897_Fagaceae_Quercus_idonea,US_1321255897_Fagaceae_Quercus_idonea#198,False,1.2806637690058007,108.9191443227498,0.11649677900693449,0.12306231756737608,0.11378835299714385,0.12385581092186924,0.12306231756737608,35.073926171412474,39.062142584258936,0.1277832128539019,0.9637052962428928,0.11649677900693449,0.13071522609262684,0.49765572672471536,0.0025,0.12123283634863574,0.16457544539344313,0.7171717171717171,0.1593012914049278,0.1289601952037093,0.059720043627662305,0.11589512132894378,0.1277832128539019,0.3413866052571841,0.0025,0.12171008389729078,0.16532699748898466,0.71,0.15769974376493406,0.12997921604015236,0.060216614550568884,0.12306231756737608,0.12338821662368578,0.07763903845608865,87.41,4244.092361809045,0.11649677900693449,0.003532813304894889,1.0,1.4183044823391433e-14,1.7852386235972517e-13,141148.0,484.4444723464484,200,198,2,200,0,0.7837409604290241,0.8787609611661542,0.1212390388338458,35.073926171412474,62.328789867435546,0.4325,60.112108010847315,0.12408461948113302,217.86229548855977,87.65828837168695,228.8369564573362,67.76595617875779,-10.974660968776448,19.89233219292916,22.718892214485965,0.04689679315452824,0.07788936197074835,0.4225,0.47750000000000004,-0.05500000000000005,55.328789867435546,0.14715103688147751,0.018480665042666294,1,1,0,0,0.065,1.159943686111281,75.07922482284962,0.08578493014646314,0.07404993340323632,0.059759479239030695,0.0891829852353558,0.07404993340323632,16.304562865216354,18.71207920945089,0.061472318400014714,0.9789900476594098,0.08578493014646314,0.09833588772843262,0.40594059405940597,0.9975,0.09057301293900184,0.12830901767501582,0.36683417085427134,0.10636400541895936,0.09966786232500138,0.051011118524633296,0.05587183138050115,0.061472318400014714,0.11543305379993199,0.9525000000000001,0.059287897039347615,0.09230202925758633,0.065,0.06106363249518798,0.06536938675282161,0.04132422945128967,0.07404993340323632,0.08000113356193499,0.05053238444753025,62.94,1683.865728643216,0.08578493014646314,0.0023225637497270874,1.0014723320172172,11.277548613022473,0.18274949841764343,141148.0,485.7170067602726,200,199,1,200,0,0.8909008972100455,0.9423031090889394,0.057696890911060554,16.304562865216354,38.833182625483744,0.4475,38.191209223319206,0.07862851967662028,219.04697798281754,83.21869581581934,229.3759343261683,72.06820653199713,-10.328956343350768,11.15048928382221,15.199366776661455,0.03129263864578486,0.0851543488746699,0.4275,0.4825,-0.05499999999999999,32.96978737534741,0.08774389638725824,0.019546669030134068,1,1,0,0,0.06999999999999995,1,1.0,0.9818918191697913,0.017597551644988524,0.021825396825396824,1.1978191455705842,1.1465964713893295,0.0,0.9952230628798989,0.9838457107543945,17,141148,1.336870026525199,1.1883857200105927,0.9318915451517489,True,True,0.8607983273353436,1.0,1.0,1.0,0.030711848860471347,0.03467282568651345,0.04901238416413976,-0.06354214792278523,-0.10715993678102143,0.06631089445388719,0.04338708306175079,-0.015284751416516973
18,201,375,US_1321255897_Fagaceae_Quercus_idonea,US_1321255897_Fagaceae_Quercus_idonea#201,False,0.979547813345815,102.5583979984087,0.0712459340275042,-0.010331746733420374,0.015722978711348645,0.04988366076232185,-0.010331746733420374,19.31753539348159,26.677643132353815,0.17267702278940106,0.9665879569536105,0.0712459340275042,0.15820874317651007,0.69009009009009,0.9125000000000001,0.03113112542514583,0.08542914637347257,0.09340659340659341,0.02457675962865951,0.045705600391224344,0.14697824670211562,0.08043155610158258,0.17267702278940106,0.6917604921865912,0.9125000000000001,0.0321767113654399,0.10915392947328018,0.11170212765957446,0.03292726403472814,0.04628985207669607,0.16487605252323223,-0.010331746733420374,0.02746222829904838,0.01285035415788554,72.785,5246.802788944724,0.0712459340275042,0.020064266524702636,1.0,1.4183044823391433e-14,1.4921397450962104e-13,291819.0,776.735674368714,200,182,18,188,12,0.9037428484080884,0.9494379444826795,0.05056205551732049,19.31753539348159,98.84646890612277,0.9075,47.535388365521136,0.06119892510943979,390.0962722007,106.38214776451144,378.4802583899124,115.37373604559203,11.616013810787592,-8.991588281080581,14.689466861287844,0.0189117963111796,0.10373515702823442,0.4025,0.4325,-0.02999999999999997,-30.153531093877035,-0.05636174036238698,0.02232380537185335,2,1,1,1,0.02999999999999997,1.0007884705043468,95.37308320485397,0.07298632713680415,0.0003940798919878418,0.030116204330007394,0.05093225595317646,0.0003940798919878418,20.679390776264864,24.95576379732387,0.15413918104540847,0.967689481341702,0.07298632713680415,0.1455963110072328,0.8013245033112583,0.042499999999999996,0.035919765667490756,0.13962698304685245,0.11538461538461539,0.06817247355423978,0.04148791790146924,0.11444093013510945,0.08615841123433242,0.15413918104540847,0.6454572968708512,0.0325,0.04274031320282651,0.20465385797320682,0.1702127659574468,0.10359124824099711,0.03334379302005497,0.12586925950868927,0.0003940798919878418,0.01380993012792176,0.0072483885559199365,74.315,3591.262085427136,0.07298632713680415,0.015958968469938987,1.0017794954285089,13.370369879213813,0.38581682310806653,291819.0,779.5869879124456,200,182,18,188,12,0.897803085029533,0.9461498846868632,0.05385011531313674,20.679390776264864,77.08171968787624,0.9125000000000001,37.8182325290195,0.048510599991269755,388.2659556401928,107.93517310577778,383.36130835874667,113.53704624247673,4.904647281446103,-5.601873136698956,7.445572348387063,0.009550662676303244,0.11526600755370671,0.4225,0.4225,0.0,-15.094327034880394,-0.028166555139055582,0.021172456343452092,1,1,0,0,0.0050000000000000044,1,1.0,0.9608623176314516,0.010375494071146246,0.017015706806282723,1.2698771392641053,1.178323461842568,0.0,0.9919322273310494,0.9611121416091919,17,291819,1.4253731343283582,1.4148848238539964,0.9458205142269359,True,True,0.8883693162399158,1.0,1.0,1.0,-0.0017403931092999508,-0.0010485951908546093,-0.010725826625408216,0.003288059795816256,0.005939763378555396,0.01853784174399259,0.013652298171126622,-0.0011015243880914127
18,203,377,US_1321255897_Fagaceae_Quercus_idonea,US_1321255897_Fagaceae_Quercus_idonea#203,False,0.405630015227933,594.7393672862088,0.45654310416379745,-0.4228495253608295,-0.45654310416379745,0.4228495253608295,-0.4228495253608295,126.9421021649276,136.18626363202316,0.46974146156276453,0.8805911023687358,0.45654310416379745,0.4824019749772327,0.9393939393939394,0.0025,0.386488131466829,0.6883445130660046,1.0,0.4776406741497655,0.41497467458536547,0.47799438098825925,0.4464301604047852,0.46974146156276453,0.8933698131874335,0.8525,0.3863536089210954,0.6535583704035092,1.0,0.47985895376124965,0.4111670391894368,0.4477994861130644,-0.4228495253608295,0.4228495253608295,0.2206342896547485,550.345,51090.74972361809,0.45654310416379745,0.024405214448307455,1.0,0.0,0.0,260303.0,867.7759744845988,200,195,5,197,3,0.4092624988490931,0.5808179798771723,0.4191820201228276,126.9421021649276,246.1121021649276,0.5575000000000001,189.4609271723811,0.21832930703677098,404.40446825807805,57.24361477213635,410.6926569521394,123.94021619213733,-6.2881886940613185,-66.69660142000097,66.99237238694116,0.07720007738947851,0.16744599441852523,0.4175,0.3975,0.019999999999999962,-163.1121021649276,-0.34052630932135197,0.03532356293197574,3,1,2,2,0.009999999999999953,0.6658432474289481,309.451732908381,0.21341462862487054,-0.20059315490025087,-0.21052025079806283,0.20294426111108976,-0.20059315490025087,46.24667130289876,54.91420544774549,0.211532013231047,0.9254235896723522,0.21341462862487054,0.24669171622847955,0.5869191049913941,0.8574999999999999,0.1802296555167249,0.3953641780407562,0.8911917098445595,0.19772364930393607,0.23059191109593385,0.2115793546372989,0.17196177866780007,0.211532013231047,0.5953626332914247,0.8574999999999999,0.134856158923149,0.3481395536244977,0.8112244897959183,0.15754734664496065,0.17865752056512832,0.1799216778597335,-0.20059315490025087,0.20079676377145098,0.10242366588168403,264.135,26123.695251256282,0.21341462862487054,0.015390743931873044,1.0083066965958738,48.22040413672493,0.43690400160596154,260303.0,876.1716844741787,200,193,7,196,4,0.7224223542011489,0.8388446102538014,0.16115538974619864,46.24667130289876,138.7130286067191,0.5575000000000001,103.65253892804341,0.11830163056484634,410.3970496635827,75.56963614418851,416.5393357053359,104.29630784504837,-6.142286041753152,-28.726671700859868,29.375999469425697,0.033527674986501374,0.052744560301558184,0.4275,0.4025,0.024999999999999967,-64.36989258175433,-0.13433345098831478,0.0271747072806532,3,2,1,1,0.0675,1,1.0,0.9226636474816686,0.016919739696312365,0.023917995444191344,1.569355735424084,1.2210926665581643,0.0,0.9932515691308414,0.969258189201355,17,260303,1.8291666666666666,1.6119436724786298,0.6999062562410667,True,True,0.4685001513763958,1.0,1.0,1.0,0.2431284755389269,0.21990526424973972,-0.2222563704605786,-0.2580266303766291,-0.31315985535205576,0.25820944833171755,0.2220527615893785,-0.04483248730361633
18,205,385,US_1321255897_Fagaceae_Quercus_idonea,US_1321255897_Fagaceae_Quercus_idonea#205,False,0.9752387106531288,89.22118582489252,0.05922761242406192,-0.01253584653506696,-0.008657746105736127,0.03911796642258541,-0.01253584653506696,13.177964832627833,17.258674838913066,0.12061435627660709,0.9731466834787473,0.05922761242406192,0.14486617344434366,1.0,0.0025,0.030093734583127776,0.10152284263959391,0.10471204188481675,0.08366004574839735,0.028381759127973943,0.06640194662975125,0.05252365874502512,0.12061435627660709,1.0,0.0025,0.029751992281230162,0.09841728554275667,0.09693877551020408,0.0634166992460866,0.02806402098359809,0.06656337904158172,-0.01253584653506696,0.012821226717153437,0.006033824512069494,56.2,4826.110552763818,0.05922761242406192,0.017570289177767297,1.0,1.4183044823391446e-14,2.2382096176443156e-13,287336.0,767.6998585660688,200,191,9,196,4,0.9262731188244236,0.9617256346179139,0.03827436538208602,13.177964832627833,76.25663608175114,0.0075,71.62831804087557,0.09330250258827055,366.7680701075348,104.94722236675842,371.9548847950281,108.64321060096547,-5.186814687493268,-3.69598823420705,6.368938344009371,0.008296130672611366,0.034129562049052396,0.5425,0.5725,-0.030000000000000027,-18.743363918248463,-0.036184100228278886,0.020005884448968475,2,2,0,0,0.02250000000000002,0.9810127891344066,96.5880427382189,0.060324251635380806,-0.009584597822758025,-0.0077268415953539405,0.04238939777821087,-0.009584597822758025,13.40092232558356,17.3755137682425,0.12092316637999374,0.972962826209628,0.060324251635380806,0.13669312510993603,1.0,0.0025,0.028066558394196077,0.1108121066871322,0.125,0.07999232167369023,0.03388189530335884,0.06777596655846461,0.053157852216450516,0.12092316637999374,1.0,0.0025,0.031055904173893263,0.09062826024230107,0.09183673469387756,0.06308103317371068,0.028663765979114863,0.06826509932006516,-0.009584597822758025,0.010308489016343236,0.004967076871676366,60.9,5648.683417085427,0.060324251635380806,0.015124769960496132,1.000011691878447,1.7106618375626796,0.01597129029595501,287336.0,767.8533854532029,200,192,8,196,4,0.9267179443833995,0.9619653432770344,0.03803465672296556,13.40092232558356,78.04015128899809,0.0075,73.15169018221721,0.09526778362648172,367.019774644857,104.96924647180089,371.8338154165772,108.63655693809943,-4.814040771720158,-3.667310466298545,6.05178937240936,0.007881438679647768,0.033336253003442055,0.4175,0.5725,-0.15500000000000003,-18.926716486729646,-0.03652905095681701,0.01971318076199217,2,2,0,0,0.02250000000000002,1,1.0,0.9558832610404501,0.010411244143675169,0.015414258188824663,1.2561001089304669,1.1543626392705069,0.0,0.962069290525773,0.5406838059425354,17,287336,1.5202312138728324,1.4297494471590821,0.9381854804348991,True,True,0.9371759122501814,1.0,1.0,0.8281576699680753,-0.0010966392113188825,-0.003271431355625465,-0.002951248712308934,-0.00023970865912048556,-0.00044482555897584763,-0.00030881010338665305,0.002512737700810201,0.0001838572691192919
18,207,386,US_1321255897_Fagaceae_Quercus_idonea,US_1321255897_Fagaceae_Quercus_idonea#207,False,0.721165619133132,102.342757437935,0.2379944020957007,-0.16200322488855165,-0.18666549951876868,0.19982452812292517,-0.16200322488855165,44.625398327113246,49.05483519906608,0.3190969809730336,0.6848336808295615,0.2379944020957007,0.313818032224526,0.935064935064935,0.9824999999999999,0.16363636363636364,0.527889694690662,0.8241206030150754,0.13274311396190858,0.15495297363362356,0.4278818351784457,0.23775019463756672,0.3190969809730336,0.9441574047548953,0.9724999999999999,0.16071566632841033,0.5486112977989563,0.79,0.11857207777941971,0.15664946621827572,0.43681858128188095,-0.16200322488855165,0.16200322488855165,0.049865372759176706,84.27,3389.5548743718596,0.2379944020957007,0.04205173718260772,1.0,0.0,0.0,84344.0,355.81692587077424,200,199,1,200,0,0.6652636501812229,0.7989889770413536,0.20101102295864634,44.625398327113246,81.42090718990141,0.9425000000000001,63.05155198224995,0.17720222788150622,152.27741613915487,54.02293633147826,183.15201580883894,72.32972957242191,-30.874599669684073,-18.306793240943648,35.89400484105829,0.1008777329892797,0.12030498734397867,0.2375,0.4975,-0.26,-52.42090718990141,-0.17300629435611029,0.06012634700137129,1,1,0,0,0.26500000000000007,0.8253906419079773,74.13177456394796,0.19191893042717678,-0.09565588542160676,-0.11435619474393523,0.15334819311391445,-0.09565588542160676,20.904126401097024,23.317776786846768,0.20426499301813053,0.8961783391880513,0.19191893042717678,0.25454261697677927,0.8181818181818182,0.9775,0.15924528301886792,0.39480769230769225,0.67,0.12548902244156435,0.12210684573390783,0.32711895169272576,0.1269787666961926,0.20426499301813053,0.8208957623620935,0.9875,0.07466878685228712,0.3224504967763951,0.22,0.08365869181868617,0.07666693101848136,0.2198597543308474,-0.09565588542160676,0.09565588542160676,0.03244599497296785,64.67,1319.9106532663316,0.19191893042717678,0.028099565830226967,1.0057271772516403,14.426412726886149,0.5670233641124245,84344.0,358.05449021830884,200,200,0,200,0,0.8160288519334803,0.8986959112072199,0.10130408879278006,20.904126401097024,47.67597863898199,0.9575,37.11251561511484,0.10365046837560123,155.35337780554437,57.79525397246543,183.29965583306017,67.40537087891657,-27.946278027515802,-9.61011690645114,29.552475404724905,0.08253625135857537,0.054708442421563495,0.5275000000000001,0.5325,-0.004999999999999893,-30.454103495684222,-0.10121833798389443,0.052825615286222836,1,1,0,0,0.010000000000000009,1,1.0,0.9455034875059254,0.014925373134328358,0.023026315789473683,1.3325510141318542,1.1970863992110254,0.0,0.9848239982829374,0.9028427600860596,17,84344,1.269736842105263,1.080659988817608,0.7881360429049798,True,True,0.602944762105351,1.0,1.0,1.0,0.04607547166852391,0.046476335009010716,-0.06634733946694489,-0.09970693416586629,-0.15076520175225738,0.11483198795490304,0.06634733946694489,-0.2113446583584898
19,209,404,BRIT_4064898552_Fagaceae_Quercus_muhlenbergii,BRIT_4064898552_Fagaceae_Quercus_muhlenbergii#209,False,1.057498691784406,32.97415654721134,0.06285381535220347,0.027945919000579876,0.018373469021074208,0.05504745821337376,0.027945919000579876,9.24216883003466,11.195227195036237,0.07957101692100274,0.9727996717030036,0.06285381535220347,0.08736181789143849,0.503030303030303,0.9924999999999999,0.04987531172069826,0.14496127276533394,0.17486338797814208,0.08087021395863848,0.05652681925197489,0.055259048892914095,0.06253420956982415,0.07957101692100274,0.24861460680298714,0.9975,0.049502744093072704,0.15184409228801254,0.18518518518518517,0.08768056625823697,0.059196273299500266,0.04480447552938025,0.027945919000579876,0.032645960710906745,0.013717127684466462,27.055,357.107512562814,0.06285381535220347,0.003701713061193069,0.9999999999999998,1.418304482339144e-14,4.973799150320701e-14,98297.0,588.3090164865339,200,183,17,189,11,0.8957648130344583,0.9450168152458229,0.05498318475417712,9.24216883003466,27.57481123263875,0.35250000000000004,20.733143193557105,0.035241926627911334,348.83997140106834,53.43741947166951,351.501821167891,50.04230657624997,-2.6618497668226837,3.395112895419537,4.314190046089533,0.007333204022359706,0.03063169913644867,0.7075,0.5874999999999999,0.1200000000000001,13.574811232638751,0.04865523739297044,0.05286331441291878,4,4,0,0,0.018749999999999947,1.0360198015700408,35.334897764108504,0.0762247762005771,0.017691282541684894,-0.011950747908515696,0.060174776442821244,0.017691282541684894,12.743073577985934,14.638629567912941,0.11557353417247611,0.9655385746050392,0.0762247762005771,0.10219044124363126,0.28825622775800713,0.1875,0.05217937799905013,0.2021052631578948,0.20652173913043478,0.1350788030340782,0.05175126602840844,0.05432844704938125,0.09073798815037164,0.11557353417247611,0.36614521181751725,0.9975,0.06944456848053998,0.22509722894085943,0.19680851063829788,0.14616857667337932,0.057357315101614965,0.07811772027652862,0.017691282541684894,0.018932419097225754,0.008747443970823117,29.575,375.7531407035176,0.0762247762005771,0.00465798491012108,1.0008833358091016,6.547276020958106,0.2767100569362386,98297.0,589.0398536054649,200,184,16,188,12,0.8586978636826043,0.9239778884571178,0.07602211154288216,12.743073577985934,41.080838429226446,0.7025,27.02615961280895,0.04588171657211992,355.1924940349389,54.583601709076696,345.5839744876239,49.06292748974228,9.608519547314984,5.520674219334417,11.08158344854912,0.01881296041468103,0.09398401470385273,0.7075,0.5974999999999999,0.1100000000000001,18.731075136293896,0.06652584418365856,0.04786254457117855,3,4,1,1,0.004999999999999967,1,1.0,0.8889294032388184,0.014102564102564103,0.05357142857142857,1.6838781594642203,1.2542032522209678,0.0,0.9910078925244948,0.9721871614456177,17,98297,2.0964285714285715,1.9615572323053154,0.9224892310368749,True,True,0.8424473589065276,1.0,1.0,1.0,-0.013370960848373636,-0.0051273182294474876,0.010254636458894982,0.021038926788705115,0.03706694935185406,-0.03600251725147337,0.01371354161368099,0.0072610970979644085
19,211,405,BRIT_4064898552_Fagaceae_Quercus_muhlenbergii,BRIT_4064898552_Fagaceae_Quercus_muhlenbergii#211,False,1.7776467770756958,236.1145167074655,0.2863758434681565,0.27996604301660044,0.28591779010147844,0.2800986874830049,0.27996604301660044,56.19782768621132,61.94316262039171,0.336659276013173,0.8468832359762077,0.2863758434681565,0.33860374721240255,1.0,0.9624999999999999,0.2542372881355932,0.378367468047929,0.9179487179487179,0.19193516446178258,0.2709039143491296,0.38900971541220064,0.2861227119333773,0.336659276013173,1.0,0.9624999999999999,0.25515229574137605,0.377788708280989,0.9195979899497487,0.1954035677115418,0.27297976430865034,0.3884346233046179,0.27996604301660044,0.27996604301660044,0.10954103356568223,211.165,11215.485201005024,0.2863758434681565,0.032809628408843286,1.0,1.4183044823391433e-14,3.517186542012496e-13,150779.0,754.6893445083816,200,195,5,199,1,0.5599748890184296,0.7179280807151686,0.2820719192848314,56.19782768621132,112.91464615063731,0.9624999999999999,80.25383894048754,0.10634023061868768,431.2372922312659,72.35730698631981,409.3195512707769,41.957597461543095,21.91774096048897,30.399709524776718,37.47705575417973,0.049658917310662395,0.07236799386831277,0.7675000000000001,0.7025,0.06500000000000006,72.82929230127482,0.24036070066427334,0.04846482961769466,3,5,2,2,0.02500000000000006,1.1796117206586003,103.02303140560367,0.13027170101297755,0.08240537475377871,0.08947273465589556,0.1027132425603035,0.08240537475377871,16.00917574726693,22.67447786936305,0.2117676292322467,0.8680205601860845,0.13027170101297755,0.22707129628846212,1.0,0.9975,0.07150715071507151,0.20508956698824515,0.39487179487179486,0.08180350467745647,0.06439115447043231,0.2400201225743252,0.11024078977639326,0.2117676292322467,1.0,0.9975,0.052461234191855846,0.18052487967452263,0.3484848484848485,0.08090257528292118,0.04570388854451057,0.20227690057310885,0.08240537475377871,0.08240537475377871,0.02020833471504653,77.435,4640.769623115578,0.13027170101297755,0.03476895987162394,1.004490866667248,30.87835329396518,0.32118005209332523,150779.0,758.1775084269084,200,195,5,198,2,0.849767657992565,0.9187831285954732,0.08121687140452684,16.00917574726693,78.84390814083585,0.9675,50.21710983182136,0.06623397459522833,437.43732869753785,60.47713136307281,408.5630054826578,53.98261751187531,28.874323214880064,6.494513851197496,29.595696499335133,0.039035313195641026,0.033797810950364444,0.7525,0.7124999999999999,0.040000000000000036,20.32943623472707,0.06643802854156802,0.05013146425530937,5,4,1,1,0.08750000000000004,1,1.0,0.9089717806149842,0.009483667017913594,0.02631578947368421,1.640420717357067,1.233447464365039,0.0013065479940840567,0.9897596555597642,0.956226110458374,17,150779,2.5164473684210527,2.323414391655014,0.8711457902483642,True,True,0.745921353382649,1.0,1.0,1.0,0.15610414245517892,0.17738544492270142,0.19756066826282173,-0.20085504788030462,-0.2897927689741354,0.12489164678092632,0.19756066826282173,-0.021137324209876795
19,214,407,BRIT_4064898552_Fagaceae_Quercus_muhlenbergii,BRIT_4064898552_Fagaceae_Quercus_muhlenbergii#214,False,0.8561767620824345,186.33850917080989,0.1268429148432079,-0.07748358930870944,-0.06143121567448923,0.11421527058010617,-0.07748358930870944,40.197621863706146,49.94209973296677,0.17648531598128792,0.8340451875160829,0.1268429148432079,0.16386716777429963,0.5759312320916905,0.9775,0.09219001610305957,0.25217724475150216,0.4744897959183674,0.1820209629778734,0.11398299569364584,0.0816337948249302,0.14001193966377398,0.17648531598128792,0.6316483421622072,0.2475,0.11304713474490857,0.26764467867395353,0.5279187817258884,0.21629186924689894,0.11342004189644536,0.08757928295399772,-0.07748358930870944,0.08111906780991865,0.04238461478061497,145.46,13631.586331658289,0.1268429148432079,0.010818520159877118,1.0,1.4183044823391436e-14,2.7711166694643907e-13,254712.0,831.2515623006307,200,196,4,197,3,0.7444715227006048,0.8535209810110208,0.14647901898897914,40.197621863706146,143.38417367082104,0.2475,94.06453457959256,0.11316012967151953,442.1854983526767,81.05814297529368,435.58923462146913,101.0634723073395,6.596263731207557,-20.005329332045818,21.064754850110575,0.025341010838897275,0.10594492881885678,0.4875,0.3925,0.09499999999999997,-34.38417367082087,-0.07104168113805964,0.041775898442108,3,4,1,1,0.08500000000000003,1.1400413368956999,178.73625821304418,0.1493747268889051,0.06543861302176576,0.10960572234079251,0.11074468419234272,0.06543861302176576,30.740407669867434,41.43525717957335,0.22522776095716646,0.8360843109473967,0.1493747268889051,0.22526413705650655,0.7723823975720789,0.1875,0.09729314568024244,0.3972716428301558,0.46938775510204084,0.2908525532550543,0.07651472235095613,0.07524370995196274,0.1390142123535715,0.22522776095716646,0.787278103710486,0.1825,0.06924201325597126,0.4205163511146845,0.3147208121827411,0.28875390033356785,0.051944051239919915,0.07204658014796603,0.06543861302176576,0.06543861302176576,0.04161337117999937,141.04,12114.943115577891,0.1493747268889051,0.02857692303842465,1.0077433578072428,40.878161757917375,0.6067920020971775,254712.0,837.984112516314,200,196,4,197,3,0.7731521590442753,0.8720652145961375,0.12793478540386247,30.740407669867434,134.16883326306566,0.1825,94.7060155065006,0.11301648097135834,435.63236175265877,91.57638823143725,453.91784300692456,90.62781948209158,-18.28548125426579,0.948568749345668,18.31006846989767,0.02185013796373282,0.1810625333282657,0.5225,0.5175000000000001,0.004999999999999893,32.59798555867167,0.06775765863153907,0.04188920171639912,3,5,2,2,0.06500000000000002,1,1.0,0.862425025580259,0.005590496156533892,0.012371134020618556,1.921839116478317,1.2593029499380024,0.0,0.9571778178215027,0.5422176718711853,17,254712,1.7484536082474227,1.6312882844880257,0.7796124411194791,True,True,0.6320951957363887,1.0,1.0,0.8290098177062141,-0.022531812045697208,0.003470586387763444,-0.1429222023304752,-0.0185442335851167,-0.028680636343670463,-0.04874244497587854,0.015680454788152887,-0.0020391234313137385
19,216,417,BRIT_4064898552_Fagaceae_Quercus_muhlenbergii,BRIT_4064898552_Fagaceae_Quercus_muhlenbergii#216,False,0.8791735800168193,121.20523916068974,0.31766013356254363,-0.06429763661433513,-0.04850433248248535,0.2606739398630833,-0.06429763661433513,34.965490479917335,39.135647899617254,0.3782535256201123,0.4233267980877718,0.31766013356254363,0.3701780962548763,0.7831325301204819,0.0625,0.2699488105992171,0.5796394209933259,0.8776595744680851,0.38311021022683917,0.12804058408407767,0.45072186563780486,0.32241233205983605,0.3782535256201123,0.7998142136549109,0.0625,0.2715136125567216,0.5937019770119527,0.8789473684210526,0.3884538108493163,0.12716829207200242,0.4585577402418757,-0.06429763661433513,0.09818815162437408,0.05065585766467501,107.76,3093.9622110552764,0.31766013356254363,0.03631703822716225,0.9999999999999998,7.0915224116957165e-15,9.237055564881302e-14,82678.0,619.1393668926455,200,188,12,190,10,0.586747687770877,0.739560161067778,0.260439838932222,34.965490479917335,75.4050162313172,0.8374999999999999,72.08640497905745,0.11643001371540429,287.46296844327657,40.072420143693485,371.9260338662299,45.36155305054056,-84.46306542295332,-5.2891329068470725,84.62850788917636,0.13668733150326454,0.09544250532799232,0.3625,0.6074999999999999,-0.24499999999999994,3.5949837686827095,0.014794171887583168,0.03673521804361315,1,5,4,4,0.010000000000000009,0.620597055883333,139.40989921809714,0.2640229840909833,-0.23411306514429472,-0.2361100117690083,0.24998185732601175,-0.23411306514429472,34.99672434749264,45.75447323499857,0.35212905334022293,0.5892207315690566,0.2640229840909833,0.35015831499388156,0.6622222222222223,0.9624999999999999,0.23201307189542486,0.6198662846227316,0.5797872340425532,0.05282636714950184,0.16128230217641376,0.5386005801826708,0.27165128277437517,0.35212905334022293,0.6753595072143356,0.9624999999999999,0.2445786516379328,0.616227604696127,0.5842105263157895,0.06391665241707759,0.1787090967171486,0.5399357336720306,-0.23411306514429472,0.23411306514429472,0.0597655966520719,103.34,8799.964221105529,0.2640229840909833,0.05318561162051768,1.0024321085139656,18.078341638936713,0.2761412748523726,82678.0,620.8789826027902,200,188,12,190,10,0.5876278710673615,0.7402589508236581,0.2597410491763419,34.99672434749264,86.97741099848037,0.8474999999999999,83.26127417825867,0.13410225907344878,293.60432227416584,33.269645481252645,360.43333499489097,50.08889126058367,-66.82901272072513,-16.819245779331027,68.91301741915228,0.11099267224389146,0.15764040759070436,0.3775,0.6174999999999999,-0.23999999999999994,-27.92329052053273,-0.11745125141805196,0.036084585380029156,1,5,4,4,0.015000000000000013,1,1.0,0.8833726834632427,0.007452574525745257,0.012295081967213115,1.7272531670407048,1.2102907397593623,0.0,0.9857392521465526,0.9707862138748169,17,82678,2.528688524590164,2.3370576530641816,0.46906263813943905,True,False,0.20015458306823086,1.0,1.0,1.0,0.05363714947156034,0.010692082537071546,0.1698154285299596,-0.0006987897558801137,-0.000880183296484427,0.026124472279889344,-0.13592491351992064,-0.16589393348128484
19,218,426,BRIT_4064898552_Fagaceae_Quercus_muhlenbergii,BRIT_4064898552_Fagaceae_Quercus_muhlenbergii#218,False,0.019661184617287004,54.81541753922887,0.9568724788511946,-0.9614358476837255,-0.9568724788511946,0.9614358476837255,-0.9614358476837255,67.03254671867593,68.46911740275526,0.9624860633670813,-0.5903454308672275,0.9568724788511946,0.9613672790054745,1.0,0.0025,1.0,1.0,1.0,0.8716693273133104,1.0,1.0,0.9582032976740291,0.9624860633670813,1.0,0.0025,1.0,1.0,1.0,0.8756293247861353,1.0,1.0,-0.9614358476837255,0.9614358476837255,0.4703092408440456,39.64,1440.6034170854273,0.9568724788511946,0.008693361420382994,1.0,8.864403014619709e-16,1.2079226507921703e-13,8246.0,121.2251556533734,200,122,78,122,78,0.021242216442027274,0.04160074094084051,0.9583992590591595,67.03254671867593,81.29912040597596,0.3725,80.58139080210456,0.6647249934866318,14.0225809403987,3.889558839307075,60.98954164309368,37.41028647497558,-46.966960702694976,-33.5207276356685,57.702119362057786,0.4759912994217886,1.499598649356593,0.14250000000000002,0.3725,-0.22999999999999998,-71.5982408119519,-0.7867938550763943,0.9623783721984118,2,4,2,2,0.31999999999999995,0.05704396872195872,39.271363612688575,0.8780891249013961,-0.8920688818821246,-0.8780891249013961,0.8920688818821246,-0.8920688818821246,49.85343198320169,52.23232652652196,0.9035761761474003,-0.3392777745324944,0.8780891249013961,0.8938207058726787,1.0,0.0025,0.9615384615384616,1.0,1.0,0.682201082667453,0.9583752292562681,0.9960876629104638,0.8886890931411366,0.9035761761474003,1.0,0.0025,0.98406546576062,1.0,1.0,0.6940587815676111,0.9741811821768177,0.9991033170078721,-0.8920688818821246,0.8920688818821246,0.4213946155711861,36.78,190.42371859296483,0.8780891249013961,0.028015725516919818,1.025588523695143,11.879521384165681,0.7821970508046832,8246.0,124.45910652952412,200,199,1,200,0,0.07003733160201266,0.13090633295411452,0.8690936670458854,49.85343198320169,70.0347240684972,0.4275,67.25148181398573,0.5403500289312488,26.04640875512539,4.493683297416698,63.40578323716826,30.038799192142044,-37.35937448204287,-25.545115894725345,45.257881167421715,0.3636365584601531,0.8661049801641879,0.1225,0.4225,-0.3,-55.178431043698446,-0.6487814305153189,0.15098690566886508,1,1,0,0,0.305,1,1.0,0.8085672676141215,0.056555269922879174,0.09782608695652174,1.4405016497937155,1.157330324136477,0.0,0.7605357731089872,0.35415709018707275,17,8246,1.5217391304347827,0.8875496455077164,0.0,True,False,0.0,1.0,1.0,0.5841878449994754,0.07878335394979852,0.06936696580160084,-0.06936696580160084,-0.08930559201327401,-0.048795115159985386,0.058909887219681045,0.06936696580160084,-0.25106765633473305
